[{"model":"product.category","pk":7,"fields":{"private_metadata":{},"metadata":{},"seo_title":"","seo_description":"","name":"Tickets","slug":"tickets","description":{"blocks":[{"data":{"text":""},"type":"paragraph"}]},"parent":null,"background_image":"category-backgrounds/accessories_8AEdvHR.jpg","background_image_alt":"","lft":1,"rght":8,"tree_id":1,"level":0}},{"model":"product.producttype","pk":7,"fields":{"private_metadata":{},"metadata":{"vatlayer.code":"standard","vatlayer.description":""},"name":"Stream Ticket","slug":"stream-ticket","has_variants":false,"is_shipping_required":false,"is_digital":true,"weight":"1.0:kg"}},{"model":"attribute.attribute","pk":1,"fields":{"private_metadata":{},"metadata":{},"slug":"ticket-type","name":"Ticket Type","type":"product-type","input_type":"dropdown","value_required":true,"is_variant_only":false,"visible_in_storefront":true,"filterable_in_storefront":true,"filterable_in_dashboard":true,"storefront_search_position":0,"available_in_grid":true}},{"model":"attribute.attribute","pk":2,"fields":{"private_metadata":{},"metadata":{},"slug":"leagues","name":"Leagues","type":"product-type","input_type":"multiselect","value_required":false,"is_variant_only":false,"visible_in_storefront":true,"filterable_in_storefront":true,"filterable_in_dashboard":true,"storefront_search_position":0,"available_in_grid":true}},{"model":"attribute.attribute","pk":3,"fields":{"private_metadata":{},"metadata":{},"slug":"teams","name":"Teams","type":"product-type","input_type":"multiselect","value_required":false,"is_variant_only":false,"visible_in_storefront":true,"filterable_in_storefront":true,"filterable_in_dashboard":true,"storefront_search_position":0,"available_in_grid":true}},{"model":"attribute.attributevalue","pk":5,"fields":{"sort_order":5,"name":"All Teams","slug":"all-teams","value":"","attribute":3}},{"model":"attribute.attributeproduct","pk":1,"fields":{"sort_order":1,"attribute":1,"product_type":7}},{"model":"attribute.attributevariant","pk":1,"fields":{"sort_order":1,"attribute":1,"product_type":7}},{"model":"attribute.attributeproduct","pk":2,"fields":{"sort_order":2,"attribute":2,"product_type":7}},{"model":"attribute.attributevariant","pk":2,"fields":{"sort_order":2,"attribute":2,"product_type":7}},{"model":"attribute.attributeproduct","pk":3,"fields":{"sort_order":3,"attribute":3,"product_type":7}},{"model":"attribute.attributevariant","pk":3,"fields":{"sort_order":3,"attribute":3,"product_type":7}},{"model":"attribute.attributevalue","pk":1,"fields":{"sort_order":1,"name":"Single","slug":"single","value":"","attribute":1}},{"model":"attribute.attributevalue","pk":2,"fields":{"sort_order":2,"name":"Season","slug":"season","value":"","attribute":1}},{"model":"attribute.attributevalue","pk":3,"fields":{"sort_order":3,"name":"Month","slug":"month","value":"","attribute":1}},{"model":"attribute.attributevalue","pk":4,"fields":{"sort_order":4,"name":"Day","slug":"day","value":"","attribute":1}},{"model":"attribute.attributevalue","pk":6,"fields":{"sort_order":6,"name":"ASH","slug":"ash","value":"","attribute":3}},{"model":"attribute.attributevalue","pk":7,"fields":{"sort_order":7,"name":"ECB","slug":"ecb","value":"","attribute":3}},{"model":"attribute.attributevalue","pk":8,"fields":{"sort_order":8,"name":"EHC","slug":"ehc","value":"","attribute":3}},{"model":"attribute.attributevalue","pk":9,"fields":{"sort_order":9,"name":"FAS","slug":"fas","value":"","attribute":3}},{"model":"attribute.attributevalue","pk":10,"fields":{"sort_order":10,"name":"GHE","slug":"ghe","value":"","attribute":3}},{"model":"attribute.attributevalue","pk":11,"fields":{"sort_order":11,"name":"JES","slug":"jes","value":"","attribute":3}},{"model":"attribute.attributevalue","pk":12,"fields":{"sort_order":12,"name":"SWL","slug":"swl","value":"","attribute":3}},{"model":"attribute.attributevalue","pk":13,"fields":{"sort_order":13,"name":"KA2","slug":"ka2","value":"","attribute":3}},{"model":"attribute.attributevalue","pk":14,"fields":{"sort_order":14,"name":"KEC","slug":"kec","value":"","attribute":3}},{"model":"attribute.attributevalue","pk":15,"fields":{"sort_order":15,"name":"PUS","slug":"pus","value":"","attribute":3}},{"model":"attribute.attributevalue","pk":16,"fields":{"sort_order":16,"name":"RBJ","slug":"rbj","value":"","attribute":3}},{"model":"attribute.attributevalue","pk":17,"fields":{"sort_order":17,"name":"RIT","slug":"rit","value":"","attribute":3}},{"model":"attribute.attributevalue","pk":18,"fields":{"sort_order":18,"name":"SGC","slug":"sgc","value":"","attribute":3}},{"model":"attribute.attributevalue","pk":19,"fields":{"sort_order":19,"name":"VEU","slug":"veu","value":"","attribute":3}},{"model":"attribute.attributevalue","pk":20,"fields":{"sort_order":20,"name":"WSV","slug":"wsv","value":"","attribute":3}},{"model":"attribute.attributevalue","pk":21,"fields":{"sort_order":21,"name":"HKO","slug":"hko","value":"","attribute":3}},{"model":"attribute.attributevalue","pk":22,"fields":{"sort_order":22,"name":"HCB","slug":"hcb","value":"","attribute":3}},{"model":"attribute.attributevalue","pk":23,"fields":{"sort_order":23,"name":"VSV","slug":"vsv","value":"","attribute":3}},{"model":"attribute.attributevalue","pk":24,"fields":{"sort_order":24,"name":"BWI","slug":"bwi","value":"","attribute":3}},{"model":"attribute.attributevalue","pk":25,"fields":{"sort_order":25,"name":"HCI","slug":"hci","value":"","attribute":3}},{"model":"attribute.attributevalue","pk":26,"fields":{"sort_order":26,"name":"G99","slug":"g99","value":"","attribute":3}},{"model":"attribute.attributevalue","pk":27,"fields":{"sort_order":27,"name":"VIC","slug":"vic","value":"","attribute":3}},{"model":"attribute.attributevalue","pk":28,"fields":{"sort_order":28,"name":"RBS","slug":"rbs","value":"","attribute":3}},{"model":"attribute.attributevalue","pk":29,"fields":{"sort_order":29,"name":"KAC","slug":"kac","value":"","attribute":3}},{"model":"attribute.attributevalue","pk":30,"fields":{"sort_order":30,"name":"DEC","slug":"dec","value":"","attribute":3}},{"model":"attribute.attributevalue","pk":31,"fields":{"sort_order":31,"name":"AVS","slug":"avs","value":"","attribute":3}},{"model":"attribute.attributevalue","pk":32,"fields":{"sort_order":32,"name":"BRC","slug":"brc","value":"","attribute":3}},{"model":"attribute.attributevalue","pk":33,"fields":{"sort_order":33,"name":"ICE","slug":"ice","value":"","attribute":2}},{"model":"attribute.attributevalue","pk":34,"fields":{"sort_order":34,"name":"AHL","slug":"ahl","value":"","attribute":2}},{"model":"product.product","pk":1,"fields":{"private_metadata":{},"metadata":{"vatlayer.code":"standard","vatlayer.description":"standard"},"description_plaintext":"Single Ticket","seo_title":"","seo_description":"Single Ticket - ASH","description":{"blocks":[{"data":{"text":"Single Ticket"},"type":"paragraph"}]},"product_type":7,"name":"Single Ticket - ASH","slug":"single-ticket-ash","category":7,"updated_at":"2020-04-17T14:22:48.130Z","charge_taxes":true,"weight":"0.0:kg"}},{"model":"product.productvariant","pk":1,"fields":{"private_metadata":{},"metadata":{},"sku":"101","name":"Single","product":1,"track_inventory":false,"weight":"1.0:kg","default":true}},{"model":"product.productchannellisting","pk":1,"fields":{"publication_date":"2020-01-01","is_published":true,"product":1,"channel":"EUR","visible_in_listings":true,"available_for_purchase":"2020-08-31","discounted_price_amount":"4.900","currency":"EUR"}},{"model":"product.productvariantchannellisting","pk":1,"fields":{"variant":1,"channel":"EUR","currency":"EUR","price_amount":"4.900","cost_price_amount":"4.900"}},{"model":"attribute.assignedproductattribute","pk":1,"fields":{"product":1,"assignment":1,"values":[1]}},{"model":"attribute.assignedvariantattribute","pk":1,"fields":{"variant":1,"assignment":1,"values":[1]}},{"model":"attribute.assignedproductattribute","pk":2,"fields":{"product":1,"assignment":3,"values":[6]}},{"model":"attribute.assignedvariantattribute","pk":2,"fields":{"variant":1,"assignment":3,"values":[6]}},{"model":"product.product","pk":2,"fields":{"private_metadata":{},"metadata":{"vatlayer.code":"standard","vatlayer.description":"standard"},"description_plaintext":"Single Ticket","seo_title":"","seo_description":"Single Ticket - ECB","description":{"blocks":[{"data":{"text":"Single Ticket"},"type":"paragraph"}]},"product_type":7,"name":"Single Ticket - ECB","slug":"single-ticket-ecb","category":7,"updated_at":"2020-04-17T14:22:48.130Z","charge_taxes":true,"weight":"0.0:kg"}},{"model":"product.productvariant","pk":2,"fields":{"private_metadata":{},"metadata":{},"sku":"102","name":"Single","product":2,"track_inventory":false,"weight":"1.0:kg","default":true}},{"model":"product.productchannellisting","pk":2,"fields":{"publication_date":"2020-01-01","is_published":true,"product":2,"channel":"EUR","visible_in_listings":true,"available_for_purchase":"2020-08-31","discounted_price_amount":"4.900","currency":"EUR"}},{"model":"product.productvariantchannellisting","pk":2,"fields":{"variant":2,"channel":"EUR","currency":"EUR","price_amount":"4.900","cost_price_amount":"4.900"}},{"model":"attribute.assignedproductattribute","pk":3,"fields":{"product":2,"assignment":1,"values":[1]}},{"model":"attribute.assignedvariantattribute","pk":3,"fields":{"variant":2,"assignment":1,"values":[1]}},{"model":"attribute.assignedproductattribute","pk":4,"fields":{"product":2,"assignment":3,"values":[7]}},{"model":"attribute.assignedvariantattribute","pk":4,"fields":{"variant":2,"assignment":3,"values":[7]}},{"model":"product.product","pk":3,"fields":{"private_metadata":{},"metadata":{"vatlayer.code":"standard","vatlayer.description":"standard"},"description_plaintext":"Single Ticket","seo_title":"","seo_description":"Single Ticket - EHC","description":{"blocks":[{"data":{"text":"Single Ticket"},"type":"paragraph"}]},"product_type":7,"name":"Single Ticket - EHC","slug":"single-ticket-ehc","category":7,"updated_at":"2020-04-17T14:22:48.130Z","charge_taxes":true,"weight":"0.0:kg"}},{"model":"product.productvariant","pk":3,"fields":{"private_metadata":{},"metadata":{},"sku":"103","name":"Single","product":3,"track_inventory":false,"weight":"1.0:kg","default":true}},{"model":"product.productchannellisting","pk":3,"fields":{"publication_date":"2020-01-01","is_published":true,"product":3,"channel":"EUR","visible_in_listings":true,"available_for_purchase":"2020-08-31","discounted_price_amount":"4.900","currency":"EUR"}},{"model":"product.productvariantchannellisting","pk":3,"fields":{"variant":3,"channel":"EUR","currency":"EUR","price_amount":"4.900","cost_price_amount":"4.900"}},{"model":"attribute.assignedproductattribute","pk":5,"fields":{"product":3,"assignment":1,"values":[1]}},{"model":"attribute.assignedvariantattribute","pk":5,"fields":{"variant":3,"assignment":1,"values":[1]}},{"model":"attribute.assignedproductattribute","pk":6,"fields":{"product":3,"assignment":3,"values":[8]}},{"model":"attribute.assignedvariantattribute","pk":6,"fields":{"variant":3,"assignment":3,"values":[8]}},{"model":"product.product","pk":4,"fields":{"private_metadata":{},"metadata":{"vatlayer.code":"standard","vatlayer.description":"standard"},"description_plaintext":"Single Ticket","seo_title":"","seo_description":"Single Ticket - FAS","description":{"blocks":[{"data":{"text":"Single Ticket"},"type":"paragraph"}]},"product_type":7,"name":"Single Ticket - FAS","slug":"single-ticket-fas","category":7,"updated_at":"2020-04-17T14:22:48.130Z","charge_taxes":true,"weight":"0.0:kg"}},{"model":"product.productvariant","pk":4,"fields":{"private_metadata":{},"metadata":{},"sku":"104","name":"Single","product":4,"track_inventory":false,"weight":"1.0:kg","default":true}},{"model":"product.productchannellisting","pk":4,"fields":{"publication_date":"2020-01-01","is_published":true,"product":4,"channel":"EUR","visible_in_listings":true,"available_for_purchase":"2020-08-31","discounted_price_amount":"4.900","currency":"EUR"}},{"model":"product.productvariantchannellisting","pk":4,"fields":{"variant":4,"channel":"EUR","currency":"EUR","price_amount":"4.900","cost_price_amount":"4.900"}},{"model":"attribute.assignedproductattribute","pk":7,"fields":{"product":4,"assignment":1,"values":[1]}},{"model":"attribute.assignedvariantattribute","pk":7,"fields":{"variant":4,"assignment":1,"values":[1]}},{"model":"attribute.assignedproductattribute","pk":8,"fields":{"product":4,"assignment":3,"values":[9]}},{"model":"attribute.assignedvariantattribute","pk":8,"fields":{"variant":4,"assignment":3,"values":[9]}},{"model":"product.product","pk":5,"fields":{"private_metadata":{},"metadata":{"vatlayer.code":"standard","vatlayer.description":"standard"},"description_plaintext":"Single Ticket","seo_title":"","seo_description":"Single Ticket - GHE","description":{"blocks":[{"data":{"text":"Single Ticket"},"type":"paragraph"}]},"product_type":7,"name":"Single Ticket - GHE","slug":"single-ticket-ghe","category":7,"updated_at":"2020-04-17T14:22:48.130Z","charge_taxes":true,"weight":"0.0:kg"}},{"model":"product.productvariant","pk":5,"fields":{"private_metadata":{},"metadata":{},"sku":"105","name":"Single","product":5,"track_inventory":false,"weight":"1.0:kg","default":true}},{"model":"product.productchannellisting","pk":5,"fields":{"publication_date":"2020-01-01","is_published":true,"product":5,"channel":"EUR","visible_in_listings":true,"available_for_purchase":"2020-08-31","discounted_price_amount":"4.900","currency":"EUR"}},{"model":"product.productvariantchannellisting","pk":5,"fields":{"variant":5,"channel":"EUR","currency":"EUR","price_amount":"4.900","cost_price_amount":"4.900"}},{"model":"attribute.assignedproductattribute","pk":9,"fields":{"product":5,"assignment":1,"values":[1]}},{"model":"attribute.assignedvariantattribute","pk":9,"fields":{"variant":5,"assignment":1,"values":[1]}},{"model":"attribute.assignedproductattribute","pk":10,"fields":{"product":5,"assignment":3,"values":[10]}},{"model":"attribute.assignedvariantattribute","pk":10,"fields":{"variant":5,"assignment":3,"values":[10]}},{"model":"product.product","pk":6,"fields":{"private_metadata":{},"metadata":{"vatlayer.code":"standard","vatlayer.description":"standard"},"description_plaintext":"Single Ticket","seo_title":"","seo_description":"Single Ticket - JES","description":{"blocks":[{"data":{"text":"Single Ticket"},"type":"paragraph"}]},"product_type":7,"name":"Single Ticket - JES","slug":"single-ticket-jes","category":7,"updated_at":"2020-04-17T14:22:48.130Z","charge_taxes":true,"weight":"0.0:kg"}},{"model":"product.productvariant","pk":6,"fields":{"private_metadata":{},"metadata":{},"sku":"106","name":"Single","product":6,"track_inventory":false,"weight":"1.0:kg","default":true}},{"model":"product.productchannellisting","pk":6,"fields":{"publication_date":"2020-01-01","is_published":true,"product":6,"channel":"EUR","visible_in_listings":true,"available_for_purchase":"2020-08-31","discounted_price_amount":"4.900","currency":"EUR"}},{"model":"product.productvariantchannellisting","pk":6,"fields":{"variant":6,"channel":"EUR","currency":"EUR","price_amount":"4.900","cost_price_amount":"4.900"}},{"model":"attribute.assignedproductattribute","pk":11,"fields":{"product":6,"assignment":1,"values":[1]}},{"model":"attribute.assignedvariantattribute","pk":11,"fields":{"variant":6,"assignment":1,"values":[1]}},{"model":"attribute.assignedproductattribute","pk":12,"fields":{"product":6,"assignment":3,"values":[11]}},{"model":"attribute.assignedvariantattribute","pk":12,"fields":{"variant":6,"assignment":3,"values":[11]}},{"model":"product.product","pk":7,"fields":{"private_metadata":{},"metadata":{"vatlayer.code":"standard","vatlayer.description":"standard"},"description_plaintext":"Single Ticket","seo_title":"","seo_description":"Single Ticket - SWL","description":{"blocks":[{"data":{"text":"Single Ticket"},"type":"paragraph"}]},"product_type":7,"name":"Single Ticket - SWL","slug":"single-ticket-swl","category":7,"updated_at":"2020-04-17T14:22:48.130Z","charge_taxes":true,"weight":"0.0:kg"}},{"model":"product.productvariant","pk":7,"fields":{"private_metadata":{},"metadata":{},"sku":"107","name":"Single","product":7,"track_inventory":false,"weight":"1.0:kg","default":true}},{"model":"product.productchannellisting","pk":7,"fields":{"publication_date":"2020-01-01","is_published":true,"product":7,"channel":"EUR","visible_in_listings":true,"available_for_purchase":"2020-08-31","discounted_price_amount":"4.900","currency":"EUR"}},{"model":"product.productvariantchannellisting","pk":7,"fields":{"variant":7,"channel":"EUR","currency":"EUR","price_amount":"4.900","cost_price_amount":"4.900"}},{"model":"attribute.assignedproductattribute","pk":13,"fields":{"product":7,"assignment":1,"values":[1]}},{"model":"attribute.assignedvariantattribute","pk":13,"fields":{"variant":7,"assignment":1,"values":[1]}},{"model":"attribute.assignedproductattribute","pk":14,"fields":{"product":7,"assignment":3,"values":[12]}},{"model":"attribute.assignedvariantattribute","pk":14,"fields":{"variant":7,"assignment":3,"values":[12]}},{"model":"product.product","pk":8,"fields":{"private_metadata":{},"metadata":{"vatlayer.code":"standard","vatlayer.description":"standard"},"description_plaintext":"Single Ticket","seo_title":"","seo_description":"Single Ticket - KA2","description":{"blocks":[{"data":{"text":"Single Ticket"},"type":"paragraph"}]},"product_type":7,"name":"Single Ticket - KA2","slug":"single-ticket-ka2","category":7,"updated_at":"2020-04-17T14:22:48.130Z","charge_taxes":true,"weight":"0.0:kg"}},{"model":"product.productvariant","pk":8,"fields":{"private_metadata":{},"metadata":{},"sku":"108","name":"Single","product":8,"track_inventory":false,"weight":"1.0:kg","default":true}},{"model":"product.productchannellisting","pk":8,"fields":{"publication_date":"2020-01-01","is_published":true,"product":8,"channel":"EUR","visible_in_listings":true,"available_for_purchase":"2020-08-31","discounted_price_amount":"4.900","currency":"EUR"}},{"model":"product.productvariantchannellisting","pk":8,"fields":{"variant":8,"channel":"EUR","currency":"EUR","price_amount":"4.900","cost_price_amount":"4.900"}},{"model":"attribute.assignedproductattribute","pk":15,"fields":{"product":8,"assignment":1,"values":[1]}},{"model":"attribute.assignedvariantattribute","pk":15,"fields":{"variant":8,"assignment":1,"values":[1]}},{"model":"attribute.assignedproductattribute","pk":16,"fields":{"product":8,"assignment":3,"values":[13]}},{"model":"attribute.assignedvariantattribute","pk":16,"fields":{"variant":8,"assignment":3,"values":[13]}},{"model":"product.product","pk":9,"fields":{"private_metadata":{},"metadata":{"vatlayer.code":"standard","vatlayer.description":"standard"},"description_plaintext":"Single Ticket","seo_title":"","seo_description":"Single Ticket - KEC","description":{"blocks":[{"data":{"text":"Single Ticket"},"type":"paragraph"}]},"product_type":7,"name":"Single Ticket - KEC","slug":"single-ticket-kec","category":7,"updated_at":"2020-04-17T14:22:48.130Z","charge_taxes":true,"weight":"0.0:kg"}},{"model":"product.productvariant","pk":9,"fields":{"private_metadata":{},"metadata":{},"sku":"109","name":"Single","product":9,"track_inventory":false,"weight":"1.0:kg","default":true}},{"model":"product.productchannellisting","pk":9,"fields":{"publication_date":"2020-01-01","is_published":true,"product":9,"channel":"EUR","visible_in_listings":true,"available_for_purchase":"2020-08-31","discounted_price_amount":"4.900","currency":"EUR"}},{"model":"product.productvariantchannellisting","pk":9,"fields":{"variant":9,"channel":"EUR","currency":"EUR","price_amount":"4.900","cost_price_amount":"4.900"}},{"model":"attribute.assignedproductattribute","pk":17,"fields":{"product":9,"assignment":1,"values":[1]}},{"model":"attribute.assignedvariantattribute","pk":17,"fields":{"variant":9,"assignment":1,"values":[1]}},{"model":"attribute.assignedproductattribute","pk":18,"fields":{"product":9,"assignment":3,"values":[14]}},{"model":"attribute.assignedvariantattribute","pk":18,"fields":{"variant":9,"assignment":3,"values":[14]}},{"model":"product.product","pk":10,"fields":{"private_metadata":{},"metadata":{"vatlayer.code":"standard","vatlayer.description":"standard"},"description_plaintext":"Single Ticket","seo_title":"","seo_description":"Single Ticket - PUS","description":{"blocks":[{"data":{"text":"Single Ticket"},"type":"paragraph"}]},"product_type":7,"name":"Single Ticket - PUS","slug":"single-ticket-pus","category":7,"updated_at":"2020-04-17T14:22:48.130Z","charge_taxes":true,"weight":"0.0:kg"}},{"model":"product.productvariant","pk":10,"fields":{"private_metadata":{},"metadata":{},"sku":"110","name":"Single","product":10,"track_inventory":false,"weight":"1.0:kg","default":true}},{"model":"product.productchannellisting","pk":10,"fields":{"publication_date":"2020-01-01","is_published":true,"product":10,"channel":"EUR","visible_in_listings":true,"available_for_purchase":"2020-08-31","discounted_price_amount":"4.900","currency":"EUR"}},{"model":"product.productvariantchannellisting","pk":10,"fields":{"variant":10,"channel":"EUR","currency":"EUR","price_amount":"4.900","cost_price_amount":"4.900"}},{"model":"attribute.assignedproductattribute","pk":19,"fields":{"product":10,"assignment":1,"values":[1]}},{"model":"attribute.assignedvariantattribute","pk":19,"fields":{"variant":10,"assignment":1,"values":[1]}},{"model":"attribute.assignedproductattribute","pk":20,"fields":{"product":10,"assignment":3,"values":[15]}},{"model":"attribute.assignedvariantattribute","pk":20,"fields":{"variant":10,"assignment":3,"values":[15]}},{"model":"product.product","pk":11,"fields":{"private_metadata":{},"metadata":{"vatlayer.code":"standard","vatlayer.description":"standard"},"description_plaintext":"Single Ticket","seo_title":"","seo_description":"Single Ticket - RBJ","description":{"blocks":[{"data":{"text":"Single Ticket"},"type":"paragraph"}]},"product_type":7,"name":"Single Ticket - RBJ","slug":"single-ticket-rbj","category":7,"updated_at":"2020-04-17T14:22:48.130Z","charge_taxes":true,"weight":"0.0:kg"}},{"model":"product.productvariant","pk":11,"fields":{"private_metadata":{},"metadata":{},"sku":"111","name":"Single","product":11,"track_inventory":false,"weight":"1.0:kg","default":true}},{"model":"product.productchannellisting","pk":11,"fields":{"publication_date":"2020-01-01","is_published":true,"product":11,"channel":"EUR","visible_in_listings":true,"available_for_purchase":"2020-08-31","discounted_price_amount":"4.900","currency":"EUR"}},{"model":"product.productvariantchannellisting","pk":11,"fields":{"variant":11,"channel":"EUR","currency":"EUR","price_amount":"4.900","cost_price_amount":"4.900"}},{"model":"attribute.assignedproductattribute","pk":21,"fields":{"product":11,"assignment":1,"values":[1]}},{"model":"attribute.assignedvariantattribute","pk":21,"fields":{"variant":11,"assignment":1,"values":[1]}},{"model":"attribute.assignedproductattribute","pk":22,"fields":{"product":11,"assignment":3,"values":[16]}},{"model":"attribute.assignedvariantattribute","pk":22,"fields":{"variant":11,"assignment":3,"values":[16]}},{"model":"product.product","pk":12,"fields":{"private_metadata":{},"metadata":{"vatlayer.code":"standard","vatlayer.description":"standard"},"description_plaintext":"Single Ticket","seo_title":"","seo_description":"Single Ticket - RIT","description":{"blocks":[{"data":{"text":"Single Ticket"},"type":"paragraph"}]},"product_type":7,"name":"Single Ticket - RIT","slug":"single-ticket-rit","category":7,"updated_at":"2020-04-17T14:22:48.130Z","charge_taxes":true,"weight":"0.0:kg"}},{"model":"product.productvariant","pk":12,"fields":{"private_metadata":{},"metadata":{},"sku":"112","name":"Single","product":12,"track_inventory":false,"weight":"1.0:kg","default":true}},{"model":"product.productchannellisting","pk":12,"fields":{"publication_date":"2020-01-01","is_published":true,"product":12,"channel":"EUR","visible_in_listings":true,"available_for_purchase":"2020-08-31","discounted_price_amount":"4.900","currency":"EUR"}},{"model":"product.productvariantchannellisting","pk":12,"fields":{"variant":12,"channel":"EUR","currency":"EUR","price_amount":"4.900","cost_price_amount":"4.900"}},{"model":"attribute.assignedproductattribute","pk":23,"fields":{"product":12,"assignment":1,"values":[1]}},{"model":"attribute.assignedvariantattribute","pk":23,"fields":{"variant":12,"assignment":1,"values":[1]}},{"model":"attribute.assignedproductattribute","pk":24,"fields":{"product":12,"assignment":3,"values":[17]}},{"model":"attribute.assignedvariantattribute","pk":24,"fields":{"variant":12,"assignment":3,"values":[17]}},{"model":"product.product","pk":13,"fields":{"private_metadata":{},"metadata":{"vatlayer.code":"standard","vatlayer.description":"standard"},"description_plaintext":"Single Ticket","seo_title":"","seo_description":"Single Ticket - SGC","description":{"blocks":[{"data":{"text":"Single Ticket"},"type":"paragraph"}]},"product_type":7,"name":"Single Ticket - SGC","slug":"single-ticket-sgc","category":7,"updated_at":"2020-04-17T14:22:48.130Z","charge_taxes":true,"weight":"0.0:kg"}},{"model":"product.productvariant","pk":13,"fields":{"private_metadata":{},"metadata":{},"sku":"113","name":"Single","product":13,"track_inventory":false,"weight":"1.0:kg","default":true}},{"model":"product.productchannellisting","pk":13,"fields":{"publication_date":"2020-01-01","is_published":true,"product":13,"channel":"EUR","visible_in_listings":true,"available_for_purchase":"2020-08-31","discounted_price_amount":"4.900","currency":"EUR"}},{"model":"product.productvariantchannellisting","pk":13,"fields":{"variant":13,"channel":"EUR","currency":"EUR","price_amount":"4.900","cost_price_amount":"4.900"}},{"model":"attribute.assignedproductattribute","pk":25,"fields":{"product":13,"assignment":1,"values":[1]}},{"model":"attribute.assignedvariantattribute","pk":25,"fields":{"variant":13,"assignment":1,"values":[1]}},{"model":"attribute.assignedproductattribute","pk":26,"fields":{"product":13,"assignment":3,"values":[18]}},{"model":"attribute.assignedvariantattribute","pk":26,"fields":{"variant":13,"assignment":3,"values":[18]}},{"model":"product.product","pk":14,"fields":{"private_metadata":{},"metadata":{"vatlayer.code":"standard","vatlayer.description":"standard"},"description_plaintext":"Single Ticket","seo_title":"","seo_description":"Single Ticket - VEU","description":{"blocks":[{"data":{"text":"Single Ticket"},"type":"paragraph"}]},"product_type":7,"name":"Single Ticket - VEU","slug":"single-ticket-veu","category":7,"updated_at":"2020-04-17T14:22:48.130Z","charge_taxes":true,"weight":"0.0:kg"}},{"model":"product.productvariant","pk":14,"fields":{"private_metadata":{},"metadata":{},"sku":"114","name":"Single","product":14,"track_inventory":false,"weight":"1.0:kg","default":true}},{"model":"product.productchannellisting","pk":14,"fields":{"publication_date":"2020-01-01","is_published":true,"product":14,"channel":"EUR","visible_in_listings":true,"available_for_purchase":"2020-08-31","discounted_price_amount":"4.900","currency":"EUR"}},{"model":"product.productvariantchannellisting","pk":14,"fields":{"variant":14,"channel":"EUR","currency":"EUR","price_amount":"4.900","cost_price_amount":"4.900"}},{"model":"attribute.assignedproductattribute","pk":27,"fields":{"product":14,"assignment":1,"values":[1]}},{"model":"attribute.assignedvariantattribute","pk":27,"fields":{"variant":14,"assignment":1,"values":[1]}},{"model":"attribute.assignedproductattribute","pk":28,"fields":{"product":14,"assignment":3,"values":[19]}},{"model":"attribute.assignedvariantattribute","pk":28,"fields":{"variant":14,"assignment":3,"values":[19]}},{"model":"product.product","pk":15,"fields":{"private_metadata":{},"metadata":{"vatlayer.code":"standard","vatlayer.description":"standard"},"description_plaintext":"Single Ticket","seo_title":"","seo_description":"Single Ticket - WSV","description":{"blocks":[{"data":{"text":"Single Ticket"},"type":"paragraph"}]},"product_type":7,"name":"Single Ticket - WSV","slug":"single-ticket-wsv","category":7,"updated_at":"2020-04-17T14:22:48.130Z","charge_taxes":true,"weight":"0.0:kg"}},{"model":"product.productvariant","pk":15,"fields":{"private_metadata":{},"metadata":{},"sku":"115","name":"Single","product":15,"track_inventory":false,"weight":"1.0:kg","default":true}},{"model":"product.productchannellisting","pk":15,"fields":{"publication_date":"2020-01-01","is_published":true,"product":15,"channel":"EUR","visible_in_listings":true,"available_for_purchase":"2020-08-31","discounted_price_amount":"4.900","currency":"EUR"}},{"model":"product.productvariantchannellisting","pk":15,"fields":{"variant":15,"channel":"EUR","currency":"EUR","price_amount":"4.900","cost_price_amount":"4.900"}},{"model":"attribute.assignedproductattribute","pk":29,"fields":{"product":15,"assignment":1,"values":[1]}},{"model":"attribute.assignedvariantattribute","pk":29,"fields":{"variant":15,"assignment":1,"values":[1]}},{"model":"attribute.assignedproductattribute","pk":30,"fields":{"product":15,"assignment":3,"values":[20]}},{"model":"attribute.assignedvariantattribute","pk":30,"fields":{"variant":15,"assignment":3,"values":[20]}},{"model":"product.product","pk":16,"fields":{"private_metadata":{},"metadata":{"vatlayer.code":"standard","vatlayer.description":"standard"},"description_plaintext":"Single Ticket","seo_title":"","seo_description":"Single Ticket - HKO","description":{"blocks":[{"data":{"text":"Single Ticket"},"type":"paragraph"}]},"product_type":7,"name":"Single Ticket - HKO","slug":"single-ticket-hko","category":7,"updated_at":"2020-04-17T14:22:48.130Z","charge_taxes":true,"weight":"0.0:kg"}},{"model":"product.productvariant","pk":16,"fields":{"private_metadata":{},"metadata":{},"sku":"116","name":"Single","product":16,"track_inventory":false,"weight":"1.0:kg","default":true}},{"model":"product.productchannellisting","pk":16,"fields":{"publication_date":"2020-01-01","is_published":true,"product":16,"channel":"EUR","visible_in_listings":true,"available_for_purchase":"2020-08-31","discounted_price_amount":"4.900","currency":"EUR"}},{"model":"product.productvariantchannellisting","pk":16,"fields":{"variant":16,"channel":"EUR","currency":"EUR","price_amount":"4.900","cost_price_amount":"4.900"}},{"model":"attribute.assignedproductattribute","pk":31,"fields":{"product":16,"assignment":1,"values":[1]}},{"model":"attribute.assignedvariantattribute","pk":31,"fields":{"variant":16,"assignment":1,"values":[1]}},{"model":"attribute.assignedproductattribute","pk":32,"fields":{"product":16,"assignment":3,"values":[21]}},{"model":"attribute.assignedvariantattribute","pk":32,"fields":{"variant":16,"assignment":3,"values":[21]}},{"model":"product.product","pk":17,"fields":{"private_metadata":{},"metadata":{"vatlayer.code":"standard","vatlayer.description":"standard"},"description_plaintext":"Single Ticket","seo_title":"","seo_description":"Single Ticket - HCB","description":{"blocks":[{"data":{"text":"Single Ticket"},"type":"paragraph"}]},"product_type":7,"name":"Single Ticket - HCB","slug":"single-ticket-hcb","category":7,"updated_at":"2020-04-17T14:22:48.130Z","charge_taxes":true,"weight":"0.0:kg"}},{"model":"product.productvariant","pk":17,"fields":{"private_metadata":{},"metadata":{},"sku":"117","name":"Single","product":17,"track_inventory":false,"weight":"1.0:kg","default":true}},{"model":"product.productchannellisting","pk":17,"fields":{"publication_date":"2020-01-01","is_published":true,"product":17,"channel":"EUR","visible_in_listings":true,"available_for_purchase":"2020-08-31","discounted_price_amount":"4.900","currency":"EUR"}},{"model":"product.productvariantchannellisting","pk":17,"fields":{"variant":17,"channel":"EUR","currency":"EUR","price_amount":"4.900","cost_price_amount":"4.900"}},{"model":"attribute.assignedproductattribute","pk":33,"fields":{"product":17,"assignment":1,"values":[1]}},{"model":"attribute.assignedvariantattribute","pk":33,"fields":{"variant":17,"assignment":1,"values":[1]}},{"model":"attribute.assignedproductattribute","pk":34,"fields":{"product":17,"assignment":3,"values":[22]}},{"model":"attribute.assignedvariantattribute","pk":34,"fields":{"variant":17,"assignment":3,"values":[22]}},{"model":"product.product","pk":18,"fields":{"private_metadata":{},"metadata":{"vatlayer.code":"standard","vatlayer.description":"standard"},"description_plaintext":"Single Ticket","seo_title":"","seo_description":"Single Ticket - VSV","description":{"blocks":[{"data":{"text":"Single Ticket"},"type":"paragraph"}]},"product_type":7,"name":"Single Ticket - VSV","slug":"single-ticket-vsv","category":7,"updated_at":"2020-04-17T14:22:48.130Z","charge_taxes":true,"weight":"0.0:kg"}},{"model":"product.productvariant","pk":18,"fields":{"private_metadata":{},"metadata":{},"sku":"118","name":"Single","product":18,"track_inventory":false,"weight":"1.0:kg","default":true}},{"model":"product.productchannellisting","pk":18,"fields":{"publication_date":"2020-01-01","is_published":true,"product":18,"channel":"EUR","visible_in_listings":true,"available_for_purchase":"2020-08-31","discounted_price_amount":"4.900","currency":"EUR"}},{"model":"product.productvariantchannellisting","pk":18,"fields":{"variant":18,"channel":"EUR","currency":"EUR","price_amount":"4.900","cost_price_amount":"4.900"}},{"model":"attribute.assignedproductattribute","pk":35,"fields":{"product":18,"assignment":1,"values":[1]}},{"model":"attribute.assignedvariantattribute","pk":35,"fields":{"variant":18,"assignment":1,"values":[1]}},{"model":"attribute.assignedproductattribute","pk":36,"fields":{"product":18,"assignment":3,"values":[23]}},{"model":"attribute.assignedvariantattribute","pk":36,"fields":{"variant":18,"assignment":3,"values":[23]}},{"model":"product.product","pk":19,"fields":{"private_metadata":{},"metadata":{"vatlayer.code":"standard","vatlayer.description":"standard"},"description_plaintext":"Single Ticket","seo_title":"","seo_description":"Single Ticket - BWI","description":{"blocks":[{"data":{"text":"Single Ticket"},"type":"paragraph"}]},"product_type":7,"name":"Single Ticket - BWI","slug":"single-ticket-bwi","category":7,"updated_at":"2020-04-17T14:22:48.130Z","charge_taxes":true,"weight":"0.0:kg"}},{"model":"product.productvariant","pk":19,"fields":{"private_metadata":{},"metadata":{},"sku":"119","name":"Single","product":19,"track_inventory":false,"weight":"1.0:kg","default":true}},{"model":"product.productchannellisting","pk":19,"fields":{"publication_date":"2020-01-01","is_published":true,"product":19,"channel":"EUR","visible_in_listings":true,"available_for_purchase":"2020-08-31","discounted_price_amount":"4.900","currency":"EUR"}},{"model":"product.productvariantchannellisting","pk":19,"fields":{"variant":19,"channel":"EUR","currency":"EUR","price_amount":"4.900","cost_price_amount":"4.900"}},{"model":"attribute.assignedproductattribute","pk":37,"fields":{"product":19,"assignment":1,"values":[1]}},{"model":"attribute.assignedvariantattribute","pk":37,"fields":{"variant":19,"assignment":1,"values":[1]}},{"model":"attribute.assignedproductattribute","pk":38,"fields":{"product":19,"assignment":3,"values":[24]}},{"model":"attribute.assignedvariantattribute","pk":38,"fields":{"variant":19,"assignment":3,"values":[24]}},{"model":"product.product","pk":20,"fields":{"private_metadata":{},"metadata":{"vatlayer.code":"standard","vatlayer.description":"standard"},"description_plaintext":"Single Ticket","seo_title":"","seo_description":"Single Ticket - HCI","description":{"blocks":[{"data":{"text":"Single Ticket"},"type":"paragraph"}]},"product_type":7,"name":"Single Ticket - HCI","slug":"single-ticket-hci","category":7,"updated_at":"2020-04-17T14:22:48.130Z","charge_taxes":true,"weight":"0.0:kg"}},{"model":"product.productvariant","pk":20,"fields":{"private_metadata":{},"metadata":{},"sku":"120","name":"Single","product":20,"track_inventory":false,"weight":"1.0:kg","default":true}},{"model":"product.productchannellisting","pk":20,"fields":{"publication_date":"2020-01-01","is_published":true,"product":20,"channel":"EUR","visible_in_listings":true,"available_for_purchase":"2020-08-31","discounted_price_amount":"4.900","currency":"EUR"}},{"model":"product.productvariantchannellisting","pk":20,"fields":{"variant":20,"channel":"EUR","currency":"EUR","price_amount":"4.900","cost_price_amount":"4.900"}},{"model":"attribute.assignedproductattribute","pk":39,"fields":{"product":20,"assignment":1,"values":[1]}},{"model":"attribute.assignedvariantattribute","pk":39,"fields":{"variant":20,"assignment":1,"values":[1]}},{"model":"attribute.assignedproductattribute","pk":40,"fields":{"product":20,"assignment":3,"values":[25]}},{"model":"attribute.assignedvariantattribute","pk":40,"fields":{"variant":20,"assignment":3,"values":[25]}},{"model":"product.product","pk":21,"fields":{"private_metadata":{},"metadata":{"vatlayer.code":"standard","vatlayer.description":"standard"},"description_plaintext":"Single Ticket","seo_title":"","seo_description":"Single Ticket - G99","description":{"blocks":[{"data":{"text":"Single Ticket"},"type":"paragraph"}]},"product_type":7,"name":"Single Ticket - G99","slug":"single-ticket-g99","category":7,"updated_at":"2020-04-17T14:22:48.130Z","charge_taxes":true,"weight":"0.0:kg"}},{"model":"product.productvariant","pk":21,"fields":{"private_metadata":{},"metadata":{},"sku":"121","name":"Single","product":21,"track_inventory":false,"weight":"1.0:kg","default":true}},{"model":"product.productchannellisting","pk":21,"fields":{"publication_date":"2020-01-01","is_published":true,"product":21,"channel":"EUR","visible_in_listings":true,"available_for_purchase":"2020-08-31","discounted_price_amount":"4.900","currency":"EUR"}},{"model":"product.productvariantchannellisting","pk":21,"fields":{"variant":21,"channel":"EUR","currency":"EUR","price_amount":"4.900","cost_price_amount":"4.900"}},{"model":"attribute.assignedproductattribute","pk":41,"fields":{"product":21,"assignment":1,"values":[1]}},{"model":"attribute.assignedvariantattribute","pk":41,"fields":{"variant":21,"assignment":1,"values":[1]}},{"model":"attribute.assignedproductattribute","pk":42,"fields":{"product":21,"assignment":3,"values":[26]}},{"model":"attribute.assignedvariantattribute","pk":42,"fields":{"variant":21,"assignment":3,"values":[26]}},{"model":"product.product","pk":22,"fields":{"private_metadata":{},"metadata":{"vatlayer.code":"standard","vatlayer.description":"standard"},"description_plaintext":"Single Ticket","seo_title":"","seo_description":"Single Ticket - VIC","description":{"blocks":[{"data":{"text":"Single Ticket"},"type":"paragraph"}]},"product_type":7,"name":"Single Ticket - VIC","slug":"single-ticket-vic","category":7,"updated_at":"2020-04-17T14:22:48.130Z","charge_taxes":true,"weight":"0.0:kg"}},{"model":"product.productvariant","pk":22,"fields":{"private_metadata":{},"metadata":{},"sku":"122","name":"Single","product":22,"track_inventory":false,"weight":"1.0:kg","default":true}},{"model":"product.productchannellisting","pk":22,"fields":{"publication_date":"2020-01-01","is_published":true,"product":22,"channel":"EUR","visible_in_listings":true,"available_for_purchase":"2020-08-31","discounted_price_amount":"4.900","currency":"EUR"}},{"model":"product.productvariantchannellisting","pk":22,"fields":{"variant":22,"channel":"EUR","currency":"EUR","price_amount":"4.900","cost_price_amount":"4.900"}},{"model":"attribute.assignedproductattribute","pk":43,"fields":{"product":22,"assignment":1,"values":[1]}},{"model":"attribute.assignedvariantattribute","pk":43,"fields":{"variant":22,"assignment":1,"values":[1]}},{"model":"attribute.assignedproductattribute","pk":44,"fields":{"product":22,"assignment":3,"values":[27]}},{"model":"attribute.assignedvariantattribute","pk":44,"fields":{"variant":22,"assignment":3,"values":[27]}},{"model":"product.product","pk":23,"fields":{"private_metadata":{},"metadata":{"vatlayer.code":"standard","vatlayer.description":"standard"},"description_plaintext":"Single Ticket","seo_title":"","seo_description":"Single Ticket - RBS","description":{"blocks":[{"data":{"text":"Single Ticket"},"type":"paragraph"}]},"product_type":7,"name":"Single Ticket - RBS","slug":"single-ticket-rbs","category":7,"updated_at":"2020-04-17T14:22:48.130Z","charge_taxes":true,"weight":"0.0:kg"}},{"model":"product.productvariant","pk":23,"fields":{"private_metadata":{},"metadata":{},"sku":"123","name":"Single","product":23,"track_inventory":false,"weight":"1.0:kg","default":true}},{"model":"product.productchannellisting","pk":23,"fields":{"publication_date":"2020-01-01","is_published":true,"product":23,"channel":"EUR","visible_in_listings":true,"available_for_purchase":"2020-08-31","discounted_price_amount":"4.900","currency":"EUR"}},{"model":"product.productvariantchannellisting","pk":23,"fields":{"variant":23,"channel":"EUR","currency":"EUR","price_amount":"4.900","cost_price_amount":"4.900"}},{"model":"attribute.assignedproductattribute","pk":45,"fields":{"product":23,"assignment":1,"values":[1]}},{"model":"attribute.assignedvariantattribute","pk":45,"fields":{"variant":23,"assignment":1,"values":[1]}},{"model":"attribute.assignedproductattribute","pk":46,"fields":{"product":23,"assignment":3,"values":[28]}},{"model":"attribute.assignedvariantattribute","pk":46,"fields":{"variant":23,"assignment":3,"values":[28]}},{"model":"product.product","pk":24,"fields":{"private_metadata":{},"metadata":{"vatlayer.code":"standard","vatlayer.description":"standard"},"description_plaintext":"Single Ticket","seo_title":"","seo_description":"Single Ticket - KAC","description":{"blocks":[{"data":{"text":"Single Ticket"},"type":"paragraph"}]},"product_type":7,"name":"Single Ticket - KAC","slug":"single-ticket-kac","category":7,"updated_at":"2020-04-17T14:22:48.130Z","charge_taxes":true,"weight":"0.0:kg"}},{"model":"product.productvariant","pk":24,"fields":{"private_metadata":{},"metadata":{},"sku":"124","name":"Single","product":24,"track_inventory":false,"weight":"1.0:kg","default":true}},{"model":"product.productchannellisting","pk":24,"fields":{"publication_date":"2020-01-01","is_published":true,"product":24,"channel":"EUR","visible_in_listings":true,"available_for_purchase":"2020-08-31","discounted_price_amount":"4.900","currency":"EUR"}},{"model":"product.productvariantchannellisting","pk":24,"fields":{"variant":24,"channel":"EUR","currency":"EUR","price_amount":"4.900","cost_price_amount":"4.900"}},{"model":"attribute.assignedproductattribute","pk":47,"fields":{"product":24,"assignment":1,"values":[1]}},{"model":"attribute.assignedvariantattribute","pk":47,"fields":{"variant":24,"assignment":1,"values":[1]}},{"model":"attribute.assignedproductattribute","pk":48,"fields":{"product":24,"assignment":3,"values":[29]}},{"model":"attribute.assignedvariantattribute","pk":48,"fields":{"variant":24,"assignment":3,"values":[29]}},{"model":"product.product","pk":25,"fields":{"private_metadata":{},"metadata":{"vatlayer.code":"standard","vatlayer.description":"standard"},"description_plaintext":"Single Ticket","seo_title":"","seo_description":"Single Ticket - DEC","description":{"blocks":[{"data":{"text":"Single Ticket"},"type":"paragraph"}]},"product_type":7,"name":"Single Ticket - DEC","slug":"single-ticket-dec","category":7,"updated_at":"2020-04-17T14:22:48.130Z","charge_taxes":true,"weight":"0.0:kg"}},{"model":"product.productvariant","pk":25,"fields":{"private_metadata":{},"metadata":{},"sku":"125","name":"Single","product":25,"track_inventory":false,"weight":"1.0:kg","default":true}},{"model":"product.productchannellisting","pk":25,"fields":{"publication_date":"2020-01-01","is_published":true,"product":25,"channel":"EUR","visible_in_listings":true,"available_for_purchase":"2020-08-31","discounted_price_amount":"4.900","currency":"EUR"}},{"model":"product.productvariantchannellisting","pk":25,"fields":{"variant":25,"channel":"EUR","currency":"EUR","price_amount":"4.900","cost_price_amount":"4.900"}},{"model":"attribute.assignedproductattribute","pk":49,"fields":{"product":25,"assignment":1,"values":[1]}},{"model":"attribute.assignedvariantattribute","pk":49,"fields":{"variant":25,"assignment":1,"values":[1]}},{"model":"attribute.assignedproductattribute","pk":50,"fields":{"product":25,"assignment":3,"values":[30]}},{"model":"attribute.assignedvariantattribute","pk":50,"fields":{"variant":25,"assignment":3,"values":[30]}},{"model":"product.product","pk":26,"fields":{"private_metadata":{},"metadata":{"vatlayer.code":"standard","vatlayer.description":"standard"},"description_plaintext":"Single Ticket","seo_title":"","seo_description":"Single Ticket - AVS","description":{"blocks":[{"data":{"text":"Single Ticket"},"type":"paragraph"}]},"product_type":7,"name":"Single Ticket - AVS","slug":"single-ticket-avs","category":7,"updated_at":"2020-04-17T14:22:48.130Z","charge_taxes":true,"weight":"0.0:kg"}},{"model":"product.productvariant","pk":26,"fields":{"private_metadata":{},"metadata":{},"sku":"126","name":"Single","product":26,"track_inventory":false,"weight":"1.0:kg","default":true}},{"model":"product.productchannellisting","pk":26,"fields":{"publication_date":"2020-01-01","is_published":true,"product":26,"channel":"EUR","visible_in_listings":true,"available_for_purchase":"2020-08-31","discounted_price_amount":"4.900","currency":"EUR"}},{"model":"product.productvariantchannellisting","pk":26,"fields":{"variant":26,"channel":"EUR","currency":"EUR","price_amount":"4.900","cost_price_amount":"4.900"}},{"model":"attribute.assignedproductattribute","pk":51,"fields":{"product":26,"assignment":1,"values":[1]}},{"model":"attribute.assignedvariantattribute","pk":51,"fields":{"variant":26,"assignment":1,"values":[1]}},{"model":"attribute.assignedproductattribute","pk":52,"fields":{"product":26,"assignment":3,"values":[31]}},{"model":"attribute.assignedvariantattribute","pk":52,"fields":{"variant":26,"assignment":3,"values":[31]}},{"model":"product.product","pk":27,"fields":{"private_metadata":{},"metadata":{"vatlayer.code":"standard","vatlayer.description":"standard"},"description_plaintext":"Single Ticket","seo_title":"","seo_description":"Single Ticket - BRC","description":{"blocks":[{"data":{"text":"Single Ticket"},"type":"paragraph"}]},"product_type":7,"name":"Single Ticket - BRC","slug":"single-ticket-brc","category":7,"updated_at":"2020-04-17T14:22:48.130Z","charge_taxes":true,"weight":"0.0:kg"}},{"model":"product.productvariant","pk":27,"fields":{"private_metadata":{},"metadata":{},"sku":"127","name":"Single","product":27,"track_inventory":false,"weight":"1.0:kg","default":true}},{"model":"product.productchannellisting","pk":27,"fields":{"publication_date":"2020-01-01","is_published":true,"product":27,"channel":"EUR","visible_in_listings":true,"available_for_purchase":"2020-08-31","discounted_price_amount":"4.900","currency":"EUR"}},{"model":"product.productvariantchannellisting","pk":27,"fields":{"variant":27,"channel":"EUR","currency":"EUR","price_amount":"4.900","cost_price_amount":"4.900"}},{"model":"attribute.assignedproductattribute","pk":53,"fields":{"product":27,"assignment":1,"values":[1]}},{"model":"attribute.assignedvariantattribute","pk":53,"fields":{"variant":27,"assignment":1,"values":[1]}},{"model":"attribute.assignedproductattribute","pk":54,"fields":{"product":27,"assignment":3,"values":[32]}},{"model":"attribute.assignedvariantattribute","pk":54,"fields":{"variant":27,"assignment":3,"values":[32]}},{"model":"product.product","pk":28,"fields":{"private_metadata":{},"metadata":{"vatlayer.code":"standard","vatlayer.description":"standard"},"description_plaintext":"Season Ticket","seo_title":"","seo_description":"Season Ticket - ASH","description":{"blocks":[{"data":{"text":"Season Ticket"},"type":"paragraph"}]},"product_type":7,"name":"Season Ticket - ASH","slug":"season-ticket-ash","category":7,"updated_at":"2020-04-17T14:22:48.130Z","charge_taxes":true,"weight":"0.0:kg"}},{"model":"product.productvariant","pk":28,"fields":{"private_metadata":{},"metadata":{},"sku":"128","name":"Season","product":28,"track_inventory":false,"weight":"1.0:kg","default":true}},{"model":"product.productchannellisting","pk":28,"fields":{"publication_date":"2020-01-01","is_published":true,"product":28,"channel":"EUR","visible_in_listings":true,"available_for_purchase":"2020-08-31","discounted_price_amount":"199.000","currency":"EUR"}},{"model":"product.productvariantchannellisting","pk":28,"fields":{"variant":28,"channel":"EUR","currency":"EUR","price_amount":"199.000","cost_price_amount":"199.000"}},{"model":"attribute.assignedproductattribute","pk":55,"fields":{"product":28,"assignment":1,"values":[2]}},{"model":"attribute.assignedvariantattribute","pk":55,"fields":{"variant":28,"assignment":1,"values":[2]}},{"model":"attribute.assignedproductattribute","pk":56,"fields":{"product":28,"assignment":3,"values":[6]}},{"model":"attribute.assignedvariantattribute","pk":56,"fields":{"variant":28,"assignment":3,"values":[6]}},{"model":"product.product","pk":29,"fields":{"private_metadata":{},"metadata":{"vatlayer.code":"standard","vatlayer.description":"standard"},"description_plaintext":"Season Ticket","seo_title":"","seo_description":"Season Ticket - ECB","description":{"blocks":[{"data":{"text":"Season Ticket"},"type":"paragraph"}]},"product_type":7,"name":"Season Ticket - ECB","slug":"season-ticket-ecb","category":7,"updated_at":"2020-04-17T14:22:48.130Z","charge_taxes":true,"weight":"0.0:kg"}},{"model":"product.productvariant","pk":29,"fields":{"private_metadata":{},"metadata":{},"sku":"129","name":"Season","product":29,"track_inventory":false,"weight":"1.0:kg","default":true}},{"model":"product.productchannellisting","pk":29,"fields":{"publication_date":"2020-01-01","is_published":true,"product":29,"channel":"EUR","visible_in_listings":true,"available_for_purchase":"2020-08-31","discounted_price_amount":"199.000","currency":"EUR"}},{"model":"product.productvariantchannellisting","pk":29,"fields":{"variant":29,"channel":"EUR","currency":"EUR","price_amount":"199.000","cost_price_amount":"199.000"}},{"model":"attribute.assignedproductattribute","pk":57,"fields":{"product":29,"assignment":1,"values":[2]}},{"model":"attribute.assignedvariantattribute","pk":57,"fields":{"variant":29,"assignment":1,"values":[2]}},{"model":"attribute.assignedproductattribute","pk":58,"fields":{"product":29,"assignment":3,"values":[7]}},{"model":"attribute.assignedvariantattribute","pk":58,"fields":{"variant":29,"assignment":3,"values":[7]}},{"model":"product.product","pk":30,"fields":{"private_metadata":{},"metadata":{"vatlayer.code":"standard","vatlayer.description":"standard"},"description_plaintext":"Season Ticket","seo_title":"","seo_description":"Season Ticket - EHC","description":{"blocks":[{"data":{"text":"Season Ticket"},"type":"paragraph"}]},"product_type":7,"name":"Season Ticket - EHC","slug":"season-ticket-ehc","category":7,"updated_at":"2020-04-17T14:22:48.130Z","charge_taxes":true,"weight":"0.0:kg"}},{"model":"product.productvariant","pk":30,"fields":{"private_metadata":{},"metadata":{},"sku":"130","name":"Season","product":30,"track_inventory":false,"weight":"1.0:kg","default":true}},{"model":"product.productchannellisting","pk":30,"fields":{"publication_date":"2020-01-01","is_published":true,"product":30,"channel":"EUR","visible_in_listings":true,"available_for_purchase":"2020-08-31","discounted_price_amount":"199.000","currency":"EUR"}},{"model":"product.productvariantchannellisting","pk":30,"fields":{"variant":30,"channel":"EUR","currency":"EUR","price_amount":"199.000","cost_price_amount":"199.000"}},{"model":"attribute.assignedproductattribute","pk":59,"fields":{"product":30,"assignment":1,"values":[2]}},{"model":"attribute.assignedvariantattribute","pk":59,"fields":{"variant":30,"assignment":1,"values":[2]}},{"model":"attribute.assignedproductattribute","pk":60,"fields":{"product":30,"assignment":3,"values":[8]}},{"model":"attribute.assignedvariantattribute","pk":60,"fields":{"variant":30,"assignment":3,"values":[8]}},{"model":"product.product","pk":31,"fields":{"private_metadata":{},"metadata":{"vatlayer.code":"standard","vatlayer.description":"standard"},"description_plaintext":"Season Ticket","seo_title":"","seo_description":"Season Ticket - FAS","description":{"blocks":[{"data":{"text":"Season Ticket"},"type":"paragraph"}]},"product_type":7,"name":"Season Ticket - FAS","slug":"season-ticket-fas","category":7,"updated_at":"2020-04-17T14:22:48.130Z","charge_taxes":true,"weight":"0.0:kg"}},{"model":"product.productvariant","pk":31,"fields":{"private_metadata":{},"metadata":{},"sku":"131","name":"Season","product":31,"track_inventory":false,"weight":"1.0:kg","default":true}},{"model":"product.productchannellisting","pk":31,"fields":{"publication_date":"2020-01-01","is_published":true,"product":31,"channel":"EUR","visible_in_listings":true,"available_for_purchase":"2020-08-31","discounted_price_amount":"199.000","currency":"EUR"}},{"model":"product.productvariantchannellisting","pk":31,"fields":{"variant":31,"channel":"EUR","currency":"EUR","price_amount":"199.000","cost_price_amount":"199.000"}},{"model":"attribute.assignedproductattribute","pk":61,"fields":{"product":31,"assignment":1,"values":[2]}},{"model":"attribute.assignedvariantattribute","pk":61,"fields":{"variant":31,"assignment":1,"values":[2]}},{"model":"attribute.assignedproductattribute","pk":62,"fields":{"product":31,"assignment":3,"values":[9]}},{"model":"attribute.assignedvariantattribute","pk":62,"fields":{"variant":31,"assignment":3,"values":[9]}},{"model":"product.product","pk":32,"fields":{"private_metadata":{},"metadata":{"vatlayer.code":"standard","vatlayer.description":"standard"},"description_plaintext":"Season Ticket","seo_title":"","seo_description":"Season Ticket - GHE","description":{"blocks":[{"data":{"text":"Season Ticket"},"type":"paragraph"}]},"product_type":7,"name":"Season Ticket - GHE","slug":"season-ticket-ghe","category":7,"updated_at":"2020-04-17T14:22:48.130Z","charge_taxes":true,"weight":"0.0:kg"}},{"model":"product.productvariant","pk":32,"fields":{"private_metadata":{},"metadata":{},"sku":"132","name":"Season","product":32,"track_inventory":false,"weight":"1.0:kg","default":true}},{"model":"product.productchannellisting","pk":32,"fields":{"publication_date":"2020-01-01","is_published":true,"product":32,"channel":"EUR","visible_in_listings":true,"available_for_purchase":"2020-08-31","discounted_price_amount":"199.000","currency":"EUR"}},{"model":"product.productvariantchannellisting","pk":32,"fields":{"variant":32,"channel":"EUR","currency":"EUR","price_amount":"199.000","cost_price_amount":"199.000"}},{"model":"attribute.assignedproductattribute","pk":63,"fields":{"product":32,"assignment":1,"values":[2]}},{"model":"attribute.assignedvariantattribute","pk":63,"fields":{"variant":32,"assignment":1,"values":[2]}},{"model":"attribute.assignedproductattribute","pk":64,"fields":{"product":32,"assignment":3,"values":[10]}},{"model":"attribute.assignedvariantattribute","pk":64,"fields":{"variant":32,"assignment":3,"values":[10]}},{"model":"product.product","pk":33,"fields":{"private_metadata":{},"metadata":{"vatlayer.code":"standard","vatlayer.description":"standard"},"description_plaintext":"Season Ticket","seo_title":"","seo_description":"Season Ticket - JES","description":{"blocks":[{"data":{"text":"Season Ticket"},"type":"paragraph"}]},"product_type":7,"name":"Season Ticket - JES","slug":"season-ticket-jes","category":7,"updated_at":"2020-04-17T14:22:48.130Z","charge_taxes":true,"weight":"0.0:kg"}},{"model":"product.productvariant","pk":33,"fields":{"private_metadata":{},"metadata":{},"sku":"133","name":"Season","product":33,"track_inventory":false,"weight":"1.0:kg","default":true}},{"model":"product.productchannellisting","pk":33,"fields":{"publication_date":"2020-01-01","is_published":true,"product":33,"channel":"EUR","visible_in_listings":true,"available_for_purchase":"2020-08-31","discounted_price_amount":"199.000","currency":"EUR"}},{"model":"product.productvariantchannellisting","pk":33,"fields":{"variant":33,"channel":"EUR","currency":"EUR","price_amount":"199.000","cost_price_amount":"199.000"}},{"model":"attribute.assignedproductattribute","pk":65,"fields":{"product":33,"assignment":1,"values":[2]}},{"model":"attribute.assignedvariantattribute","pk":65,"fields":{"variant":33,"assignment":1,"values":[2]}},{"model":"attribute.assignedproductattribute","pk":66,"fields":{"product":33,"assignment":3,"values":[11]}},{"model":"attribute.assignedvariantattribute","pk":66,"fields":{"variant":33,"assignment":3,"values":[11]}},{"model":"product.product","pk":34,"fields":{"private_metadata":{},"metadata":{"vatlayer.code":"standard","vatlayer.description":"standard"},"description_plaintext":"Season Ticket","seo_title":"","seo_description":"Season Ticket - SWL","description":{"blocks":[{"data":{"text":"Season Ticket"},"type":"paragraph"}]},"product_type":7,"name":"Season Ticket - SWL","slug":"season-ticket-swl","category":7,"updated_at":"2020-04-17T14:22:48.130Z","charge_taxes":true,"weight":"0.0:kg"}},{"model":"product.productvariant","pk":34,"fields":{"private_metadata":{},"metadata":{},"sku":"134","name":"Season","product":34,"track_inventory":false,"weight":"1.0:kg","default":true}},{"model":"product.productchannellisting","pk":34,"fields":{"publication_date":"2020-01-01","is_published":true,"product":34,"channel":"EUR","visible_in_listings":true,"available_for_purchase":"2020-08-31","discounted_price_amount":"199.000","currency":"EUR"}},{"model":"product.productvariantchannellisting","pk":34,"fields":{"variant":34,"channel":"EUR","currency":"EUR","price_amount":"199.000","cost_price_amount":"199.000"}},{"model":"attribute.assignedproductattribute","pk":67,"fields":{"product":34,"assignment":1,"values":[2]}},{"model":"attribute.assignedvariantattribute","pk":67,"fields":{"variant":34,"assignment":1,"values":[2]}},{"model":"attribute.assignedproductattribute","pk":68,"fields":{"product":34,"assignment":3,"values":[12]}},{"model":"attribute.assignedvariantattribute","pk":68,"fields":{"variant":34,"assignment":3,"values":[12]}},{"model":"product.product","pk":35,"fields":{"private_metadata":{},"metadata":{"vatlayer.code":"standard","vatlayer.description":"standard"},"description_plaintext":"Season Ticket","seo_title":"","seo_description":"Season Ticket - KA2","description":{"blocks":[{"data":{"text":"Season Ticket"},"type":"paragraph"}]},"product_type":7,"name":"Season Ticket - KA2","slug":"season-ticket-ka2","category":7,"updated_at":"2020-04-17T14:22:48.130Z","charge_taxes":true,"weight":"0.0:kg"}},{"model":"product.productvariant","pk":35,"fields":{"private_metadata":{},"metadata":{},"sku":"135","name":"Season","product":35,"track_inventory":false,"weight":"1.0:kg","default":true}},{"model":"product.productchannellisting","pk":35,"fields":{"publication_date":"2020-01-01","is_published":true,"product":35,"channel":"EUR","visible_in_listings":true,"available_for_purchase":"2020-08-31","discounted_price_amount":"199.000","currency":"EUR"}},{"model":"product.productvariantchannellisting","pk":35,"fields":{"variant":35,"channel":"EUR","currency":"EUR","price_amount":"199.000","cost_price_amount":"199.000"}},{"model":"attribute.assignedproductattribute","pk":69,"fields":{"product":35,"assignment":1,"values":[2]}},{"model":"attribute.assignedvariantattribute","pk":69,"fields":{"variant":35,"assignment":1,"values":[2]}},{"model":"attribute.assignedproductattribute","pk":70,"fields":{"product":35,"assignment":3,"values":[13]}},{"model":"attribute.assignedvariantattribute","pk":70,"fields":{"variant":35,"assignment":3,"values":[13]}},{"model":"product.product","pk":36,"fields":{"private_metadata":{},"metadata":{"vatlayer.code":"standard","vatlayer.description":"standard"},"description_plaintext":"Season Ticket","seo_title":"","seo_description":"Season Ticket - KEC","description":{"blocks":[{"data":{"text":"Season Ticket"},"type":"paragraph"}]},"product_type":7,"name":"Season Ticket - KEC","slug":"season-ticket-kec","category":7,"updated_at":"2020-04-17T14:22:48.130Z","charge_taxes":true,"weight":"0.0:kg"}},{"model":"product.productvariant","pk":36,"fields":{"private_metadata":{},"metadata":{},"sku":"136","name":"Season","product":36,"track_inventory":false,"weight":"1.0:kg","default":true}},{"model":"product.productchannellisting","pk":36,"fields":{"publication_date":"2020-01-01","is_published":true,"product":36,"channel":"EUR","visible_in_listings":true,"available_for_purchase":"2020-08-31","discounted_price_amount":"199.000","currency":"EUR"}},{"model":"product.productvariantchannellisting","pk":36,"fields":{"variant":36,"channel":"EUR","currency":"EUR","price_amount":"199.000","cost_price_amount":"199.000"}},{"model":"attribute.assignedproductattribute","pk":71,"fields":{"product":36,"assignment":1,"values":[2]}},{"model":"attribute.assignedvariantattribute","pk":71,"fields":{"variant":36,"assignment":1,"values":[2]}},{"model":"attribute.assignedproductattribute","pk":72,"fields":{"product":36,"assignment":3,"values":[14]}},{"model":"attribute.assignedvariantattribute","pk":72,"fields":{"variant":36,"assignment":3,"values":[14]}},{"model":"product.product","pk":37,"fields":{"private_metadata":{},"metadata":{"vatlayer.code":"standard","vatlayer.description":"standard"},"description_plaintext":"Season Ticket","seo_title":"","seo_description":"Season Ticket - PUS","description":{"blocks":[{"data":{"text":"Season Ticket"},"type":"paragraph"}]},"product_type":7,"name":"Season Ticket - PUS","slug":"season-ticket-pus","category":7,"updated_at":"2020-04-17T14:22:48.130Z","charge_taxes":true,"weight":"0.0:kg"}},{"model":"product.productvariant","pk":37,"fields":{"private_metadata":{},"metadata":{},"sku":"137","name":"Season","product":37,"track_inventory":false,"weight":"1.0:kg","default":true}},{"model":"product.productchannellisting","pk":37,"fields":{"publication_date":"2020-01-01","is_published":true,"product":37,"channel":"EUR","visible_in_listings":true,"available_for_purchase":"2020-08-31","discounted_price_amount":"199.000","currency":"EUR"}},{"model":"product.productvariantchannellisting","pk":37,"fields":{"variant":37,"channel":"EUR","currency":"EUR","price_amount":"199.000","cost_price_amount":"199.000"}},{"model":"attribute.assignedproductattribute","pk":73,"fields":{"product":37,"assignment":1,"values":[2]}},{"model":"attribute.assignedvariantattribute","pk":73,"fields":{"variant":37,"assignment":1,"values":[2]}},{"model":"attribute.assignedproductattribute","pk":74,"fields":{"product":37,"assignment":3,"values":[15]}},{"model":"attribute.assignedvariantattribute","pk":74,"fields":{"variant":37,"assignment":3,"values":[15]}},{"model":"product.product","pk":38,"fields":{"private_metadata":{},"metadata":{"vatlayer.code":"standard","vatlayer.description":"standard"},"description_plaintext":"Season Ticket","seo_title":"","seo_description":"Season Ticket - RBJ","description":{"blocks":[{"data":{"text":"Season Ticket"},"type":"paragraph"}]},"product_type":7,"name":"Season Ticket - RBJ","slug":"season-ticket-rbj","category":7,"updated_at":"2020-04-17T14:22:48.130Z","charge_taxes":true,"weight":"0.0:kg"}},{"model":"product.productvariant","pk":38,"fields":{"private_metadata":{},"metadata":{},"sku":"138","name":"Season","product":38,"track_inventory":false,"weight":"1.0:kg","default":true}},{"model":"product.productchannellisting","pk":38,"fields":{"publication_date":"2020-01-01","is_published":true,"product":38,"channel":"EUR","visible_in_listings":true,"available_for_purchase":"2020-08-31","discounted_price_amount":"199.000","currency":"EUR"}},{"model":"product.productvariantchannellisting","pk":38,"fields":{"variant":38,"channel":"EUR","currency":"EUR","price_amount":"199.000","cost_price_amount":"199.000"}},{"model":"attribute.assignedproductattribute","pk":75,"fields":{"product":38,"assignment":1,"values":[2]}},{"model":"attribute.assignedvariantattribute","pk":75,"fields":{"variant":38,"assignment":1,"values":[2]}},{"model":"attribute.assignedproductattribute","pk":76,"fields":{"product":38,"assignment":3,"values":[16]}},{"model":"attribute.assignedvariantattribute","pk":76,"fields":{"variant":38,"assignment":3,"values":[16]}},{"model":"product.product","pk":39,"fields":{"private_metadata":{},"metadata":{"vatlayer.code":"standard","vatlayer.description":"standard"},"description_plaintext":"Season Ticket","seo_title":"","seo_description":"Season Ticket - RIT","description":{"blocks":[{"data":{"text":"Season Ticket"},"type":"paragraph"}]},"product_type":7,"name":"Season Ticket - RIT","slug":"season-ticket-rit","category":7,"updated_at":"2020-04-17T14:22:48.130Z","charge_taxes":true,"weight":"0.0:kg"}},{"model":"product.productvariant","pk":39,"fields":{"private_metadata":{},"metadata":{},"sku":"139","name":"Season","product":39,"track_inventory":false,"weight":"1.0:kg","default":true}},{"model":"product.productchannellisting","pk":39,"fields":{"publication_date":"2020-01-01","is_published":true,"product":39,"channel":"EUR","visible_in_listings":true,"available_for_purchase":"2020-08-31","discounted_price_amount":"199.000","currency":"EUR"}},{"model":"product.productvariantchannellisting","pk":39,"fields":{"variant":39,"channel":"EUR","currency":"EUR","price_amount":"199.000","cost_price_amount":"199.000"}},{"model":"attribute.assignedproductattribute","pk":77,"fields":{"product":39,"assignment":1,"values":[2]}},{"model":"attribute.assignedvariantattribute","pk":77,"fields":{"variant":39,"assignment":1,"values":[2]}},{"model":"attribute.assignedproductattribute","pk":78,"fields":{"product":39,"assignment":3,"values":[17]}},{"model":"attribute.assignedvariantattribute","pk":78,"fields":{"variant":39,"assignment":3,"values":[17]}},{"model":"product.product","pk":40,"fields":{"private_metadata":{},"metadata":{"vatlayer.code":"standard","vatlayer.description":"standard"},"description_plaintext":"Season Ticket","seo_title":"","seo_description":"Season Ticket - SGC","description":{"blocks":[{"data":{"text":"Season Ticket"},"type":"paragraph"}]},"product_type":7,"name":"Season Ticket - SGC","slug":"season-ticket-sgc","category":7,"updated_at":"2020-04-17T14:22:48.130Z","charge_taxes":true,"weight":"0.0:kg"}},{"model":"product.productvariant","pk":40,"fields":{"private_metadata":{},"metadata":{},"sku":"140","name":"Season","product":40,"track_inventory":false,"weight":"1.0:kg","default":true}},{"model":"product.productchannellisting","pk":40,"fields":{"publication_date":"2020-01-01","is_published":true,"product":40,"channel":"EUR","visible_in_listings":true,"available_for_purchase":"2020-08-31","discounted_price_amount":"199.000","currency":"EUR"}},{"model":"product.productvariantchannellisting","pk":40,"fields":{"variant":40,"channel":"EUR","currency":"EUR","price_amount":"199.000","cost_price_amount":"199.000"}},{"model":"attribute.assignedproductattribute","pk":79,"fields":{"product":40,"assignment":1,"values":[2]}},{"model":"attribute.assignedvariantattribute","pk":79,"fields":{"variant":40,"assignment":1,"values":[2]}},{"model":"attribute.assignedproductattribute","pk":80,"fields":{"product":40,"assignment":3,"values":[18]}},{"model":"attribute.assignedvariantattribute","pk":80,"fields":{"variant":40,"assignment":3,"values":[18]}},{"model":"product.product","pk":41,"fields":{"private_metadata":{},"metadata":{"vatlayer.code":"standard","vatlayer.description":"standard"},"description_plaintext":"Season Ticket","seo_title":"","seo_description":"Season Ticket - VEU","description":{"blocks":[{"data":{"text":"Season Ticket"},"type":"paragraph"}]},"product_type":7,"name":"Season Ticket - VEU","slug":"season-ticket-veu","category":7,"updated_at":"2020-04-17T14:22:48.130Z","charge_taxes":true,"weight":"0.0:kg"}},{"model":"product.productvariant","pk":41,"fields":{"private_metadata":{},"metadata":{},"sku":"141","name":"Season","product":41,"track_inventory":false,"weight":"1.0:kg","default":true}},{"model":"product.productchannellisting","pk":41,"fields":{"publication_date":"2020-01-01","is_published":true,"product":41,"channel":"EUR","visible_in_listings":true,"available_for_purchase":"2020-08-31","discounted_price_amount":"199.000","currency":"EUR"}},{"model":"product.productvariantchannellisting","pk":41,"fields":{"variant":41,"channel":"EUR","currency":"EUR","price_amount":"199.000","cost_price_amount":"199.000"}},{"model":"attribute.assignedproductattribute","pk":81,"fields":{"product":41,"assignment":1,"values":[2]}},{"model":"attribute.assignedvariantattribute","pk":81,"fields":{"variant":41,"assignment":1,"values":[2]}},{"model":"attribute.assignedproductattribute","pk":82,"fields":{"product":41,"assignment":3,"values":[19]}},{"model":"attribute.assignedvariantattribute","pk":82,"fields":{"variant":41,"assignment":3,"values":[19]}},{"model":"product.product","pk":42,"fields":{"private_metadata":{},"metadata":{"vatlayer.code":"standard","vatlayer.description":"standard"},"description_plaintext":"Season Ticket","seo_title":"","seo_description":"Season Ticket - WSV","description":{"blocks":[{"data":{"text":"Season Ticket"},"type":"paragraph"}]},"product_type":7,"name":"Season Ticket - WSV","slug":"season-ticket-wsv","category":7,"updated_at":"2020-04-17T14:22:48.130Z","charge_taxes":true,"weight":"0.0:kg"}},{"model":"product.productvariant","pk":42,"fields":{"private_metadata":{},"metadata":{},"sku":"142","name":"Season","product":42,"track_inventory":false,"weight":"1.0:kg","default":true}},{"model":"product.productchannellisting","pk":42,"fields":{"publication_date":"2020-01-01","is_published":true,"product":42,"channel":"EUR","visible_in_listings":true,"available_for_purchase":"2020-08-31","discounted_price_amount":"199.000","currency":"EUR"}},{"model":"product.productvariantchannellisting","pk":42,"fields":{"variant":42,"channel":"EUR","currency":"EUR","price_amount":"199.000","cost_price_amount":"199.000"}},{"model":"attribute.assignedproductattribute","pk":83,"fields":{"product":42,"assignment":1,"values":[2]}},{"model":"attribute.assignedvariantattribute","pk":83,"fields":{"variant":42,"assignment":1,"values":[2]}},{"model":"attribute.assignedproductattribute","pk":84,"fields":{"product":42,"assignment":3,"values":[20]}},{"model":"attribute.assignedvariantattribute","pk":84,"fields":{"variant":42,"assignment":3,"values":[20]}},{"model":"product.product","pk":43,"fields":{"private_metadata":{},"metadata":{"vatlayer.code":"standard","vatlayer.description":"standard"},"description_plaintext":"Season Ticket","seo_title":"","seo_description":"Season Ticket - HKO","description":{"blocks":[{"data":{"text":"Season Ticket"},"type":"paragraph"}]},"product_type":7,"name":"Season Ticket - HKO","slug":"season-ticket-hko","category":7,"updated_at":"2020-04-17T14:22:48.130Z","charge_taxes":true,"weight":"0.0:kg"}},{"model":"product.productvariant","pk":43,"fields":{"private_metadata":{},"metadata":{},"sku":"143","name":"Season","product":43,"track_inventory":false,"weight":"1.0:kg","default":true}},{"model":"product.productchannellisting","pk":43,"fields":{"publication_date":"2020-01-01","is_published":true,"product":43,"channel":"EUR","visible_in_listings":true,"available_for_purchase":"2020-08-31","discounted_price_amount":"199.000","currency":"EUR"}},{"model":"product.productvariantchannellisting","pk":43,"fields":{"variant":43,"channel":"EUR","currency":"EUR","price_amount":"199.000","cost_price_amount":"199.000"}},{"model":"attribute.assignedproductattribute","pk":85,"fields":{"product":43,"assignment":1,"values":[2]}},{"model":"attribute.assignedvariantattribute","pk":85,"fields":{"variant":43,"assignment":1,"values":[2]}},{"model":"attribute.assignedproductattribute","pk":86,"fields":{"product":43,"assignment":3,"values":[21]}},{"model":"attribute.assignedvariantattribute","pk":86,"fields":{"variant":43,"assignment":3,"values":[21]}},{"model":"product.product","pk":44,"fields":{"private_metadata":{},"metadata":{"vatlayer.code":"standard","vatlayer.description":"standard"},"description_plaintext":"Season Ticket","seo_title":"","seo_description":"Season Ticket - HCB","description":{"blocks":[{"data":{"text":"Season Ticket"},"type":"paragraph"}]},"product_type":7,"name":"Season Ticket - HCB","slug":"season-ticket-hcb","category":7,"updated_at":"2020-04-17T14:22:48.130Z","charge_taxes":true,"weight":"0.0:kg"}},{"model":"product.productvariant","pk":44,"fields":{"private_metadata":{},"metadata":{},"sku":"144","name":"Season","product":44,"track_inventory":false,"weight":"1.0:kg","default":true}},{"model":"product.productchannellisting","pk":44,"fields":{"publication_date":"2020-01-01","is_published":true,"product":44,"channel":"EUR","visible_in_listings":true,"available_for_purchase":"2020-08-31","discounted_price_amount":"199.000","currency":"EUR"}},{"model":"product.productvariantchannellisting","pk":44,"fields":{"variant":44,"channel":"EUR","currency":"EUR","price_amount":"199.000","cost_price_amount":"199.000"}},{"model":"attribute.assignedproductattribute","pk":87,"fields":{"product":44,"assignment":1,"values":[2]}},{"model":"attribute.assignedvariantattribute","pk":87,"fields":{"variant":44,"assignment":1,"values":[2]}},{"model":"attribute.assignedproductattribute","pk":88,"fields":{"product":44,"assignment":3,"values":[22]}},{"model":"attribute.assignedvariantattribute","pk":88,"fields":{"variant":44,"assignment":3,"values":[22]}},{"model":"product.product","pk":45,"fields":{"private_metadata":{},"metadata":{"vatlayer.code":"standard","vatlayer.description":"standard"},"description_plaintext":"Season Ticket","seo_title":"","seo_description":"Season Ticket - VSV","description":{"blocks":[{"data":{"text":"Season Ticket"},"type":"paragraph"}]},"product_type":7,"name":"Season Ticket - VSV","slug":"season-ticket-vsv","category":7,"updated_at":"2020-04-17T14:22:48.130Z","charge_taxes":true,"weight":"0.0:kg"}},{"model":"product.productvariant","pk":45,"fields":{"private_metadata":{},"metadata":{},"sku":"145","name":"Season","product":45,"track_inventory":false,"weight":"1.0:kg","default":true}},{"model":"product.productchannellisting","pk":45,"fields":{"publication_date":"2020-01-01","is_published":true,"product":45,"channel":"EUR","visible_in_listings":true,"available_for_purchase":"2020-08-31","discounted_price_amount":"199.000","currency":"EUR"}},{"model":"product.productvariantchannellisting","pk":45,"fields":{"variant":45,"channel":"EUR","currency":"EUR","price_amount":"199.000","cost_price_amount":"199.000"}},{"model":"attribute.assignedproductattribute","pk":89,"fields":{"product":45,"assignment":1,"values":[2]}},{"model":"attribute.assignedvariantattribute","pk":89,"fields":{"variant":45,"assignment":1,"values":[2]}},{"model":"attribute.assignedproductattribute","pk":90,"fields":{"product":45,"assignment":3,"values":[23]}},{"model":"attribute.assignedvariantattribute","pk":90,"fields":{"variant":45,"assignment":3,"values":[23]}},{"model":"product.product","pk":46,"fields":{"private_metadata":{},"metadata":{"vatlayer.code":"standard","vatlayer.description":"standard"},"description_plaintext":"Season Ticket","seo_title":"","seo_description":"Season Ticket - BWI","description":{"blocks":[{"data":{"text":"Season Ticket"},"type":"paragraph"}]},"product_type":7,"name":"Season Ticket - BWI","slug":"season-ticket-bwi","category":7,"updated_at":"2020-04-17T14:22:48.130Z","charge_taxes":true,"weight":"0.0:kg"}},{"model":"product.productvariant","pk":46,"fields":{"private_metadata":{},"metadata":{},"sku":"146","name":"Season","product":46,"track_inventory":false,"weight":"1.0:kg","default":true}},{"model":"product.productchannellisting","pk":46,"fields":{"publication_date":"2020-01-01","is_published":true,"product":46,"channel":"EUR","visible_in_listings":true,"available_for_purchase":"2020-08-31","discounted_price_amount":"199.000","currency":"EUR"}},{"model":"product.productvariantchannellisting","pk":46,"fields":{"variant":46,"channel":"EUR","currency":"EUR","price_amount":"199.000","cost_price_amount":"199.000"}},{"model":"attribute.assignedproductattribute","pk":91,"fields":{"product":46,"assignment":1,"values":[2]}},{"model":"attribute.assignedvariantattribute","pk":91,"fields":{"variant":46,"assignment":1,"values":[2]}},{"model":"attribute.assignedproductattribute","pk":92,"fields":{"product":46,"assignment":3,"values":[24]}},{"model":"attribute.assignedvariantattribute","pk":92,"fields":{"variant":46,"assignment":3,"values":[24]}},{"model":"product.product","pk":47,"fields":{"private_metadata":{},"metadata":{"vatlayer.code":"standard","vatlayer.description":"standard"},"description_plaintext":"Season Ticket","seo_title":"","seo_description":"Season Ticket - HCI","description":{"blocks":[{"data":{"text":"Season Ticket"},"type":"paragraph"}]},"product_type":7,"name":"Season Ticket - HCI","slug":"season-ticket-hci","category":7,"updated_at":"2020-04-17T14:22:48.130Z","charge_taxes":true,"weight":"0.0:kg"}},{"model":"product.productvariant","pk":47,"fields":{"private_metadata":{},"metadata":{},"sku":"147","name":"Season","product":47,"track_inventory":false,"weight":"1.0:kg","default":true}},{"model":"product.productchannellisting","pk":47,"fields":{"publication_date":"2020-01-01","is_published":true,"product":47,"channel":"EUR","visible_in_listings":true,"available_for_purchase":"2020-08-31","discounted_price_amount":"199.000","currency":"EUR"}},{"model":"product.productvariantchannellisting","pk":47,"fields":{"variant":47,"channel":"EUR","currency":"EUR","price_amount":"199.000","cost_price_amount":"199.000"}},{"model":"attribute.assignedproductattribute","pk":93,"fields":{"product":47,"assignment":1,"values":[2]}},{"model":"attribute.assignedvariantattribute","pk":93,"fields":{"variant":47,"assignment":1,"values":[2]}},{"model":"attribute.assignedproductattribute","pk":94,"fields":{"product":47,"assignment":3,"values":[25]}},{"model":"attribute.assignedvariantattribute","pk":94,"fields":{"variant":47,"assignment":3,"values":[25]}},{"model":"product.product","pk":48,"fields":{"private_metadata":{},"metadata":{"vatlayer.code":"standard","vatlayer.description":"standard"},"description_plaintext":"Season Ticket","seo_title":"","seo_description":"Season Ticket - G99","description":{"blocks":[{"data":{"text":"Season Ticket"},"type":"paragraph"}]},"product_type":7,"name":"Season Ticket - G99","slug":"season-ticket-g99","category":7,"updated_at":"2020-04-17T14:22:48.130Z","charge_taxes":true,"weight":"0.0:kg"}},{"model":"product.productvariant","pk":48,"fields":{"private_metadata":{},"metadata":{},"sku":"148","name":"Season","product":48,"track_inventory":false,"weight":"1.0:kg","default":true}},{"model":"product.productchannellisting","pk":48,"fields":{"publication_date":"2020-01-01","is_published":true,"product":48,"channel":"EUR","visible_in_listings":true,"available_for_purchase":"2020-08-31","discounted_price_amount":"199.000","currency":"EUR"}},{"model":"product.productvariantchannellisting","pk":48,"fields":{"variant":48,"channel":"EUR","currency":"EUR","price_amount":"199.000","cost_price_amount":"199.000"}},{"model":"attribute.assignedproductattribute","pk":95,"fields":{"product":48,"assignment":1,"values":[2]}},{"model":"attribute.assignedvariantattribute","pk":95,"fields":{"variant":48,"assignment":1,"values":[2]}},{"model":"attribute.assignedproductattribute","pk":96,"fields":{"product":48,"assignment":3,"values":[26]}},{"model":"attribute.assignedvariantattribute","pk":96,"fields":{"variant":48,"assignment":3,"values":[26]}},{"model":"product.product","pk":49,"fields":{"private_metadata":{},"metadata":{"vatlayer.code":"standard","vatlayer.description":"standard"},"description_plaintext":"Season Ticket","seo_title":"","seo_description":"Season Ticket - VIC","description":{"blocks":[{"data":{"text":"Season Ticket"},"type":"paragraph"}]},"product_type":7,"name":"Season Ticket - VIC","slug":"season-ticket-vic","category":7,"updated_at":"2020-04-17T14:22:48.130Z","charge_taxes":true,"weight":"0.0:kg"}},{"model":"product.productvariant","pk":49,"fields":{"private_metadata":{},"metadata":{},"sku":"149","name":"Season","product":49,"track_inventory":false,"weight":"1.0:kg","default":true}},{"model":"product.productchannellisting","pk":49,"fields":{"publication_date":"2020-01-01","is_published":true,"product":49,"channel":"EUR","visible_in_listings":true,"available_for_purchase":"2020-08-31","discounted_price_amount":"199.000","currency":"EUR"}},{"model":"product.productvariantchannellisting","pk":49,"fields":{"variant":49,"channel":"EUR","currency":"EUR","price_amount":"199.000","cost_price_amount":"199.000"}},{"model":"attribute.assignedproductattribute","pk":97,"fields":{"product":49,"assignment":1,"values":[2]}},{"model":"attribute.assignedvariantattribute","pk":97,"fields":{"variant":49,"assignment":1,"values":[2]}},{"model":"attribute.assignedproductattribute","pk":98,"fields":{"product":49,"assignment":3,"values":[27]}},{"model":"attribute.assignedvariantattribute","pk":98,"fields":{"variant":49,"assignment":3,"values":[27]}},{"model":"product.product","pk":50,"fields":{"private_metadata":{},"metadata":{"vatlayer.code":"standard","vatlayer.description":"standard"},"description_plaintext":"Season Ticket","seo_title":"","seo_description":"Season Ticket - RBS","description":{"blocks":[{"data":{"text":"Season Ticket"},"type":"paragraph"}]},"product_type":7,"name":"Season Ticket - RBS","slug":"season-ticket-rbs","category":7,"updated_at":"2020-04-17T14:22:48.130Z","charge_taxes":true,"weight":"0.0:kg"}},{"model":"product.productvariant","pk":50,"fields":{"private_metadata":{},"metadata":{},"sku":"150","name":"Season","product":50,"track_inventory":false,"weight":"1.0:kg","default":true}},{"model":"product.productchannellisting","pk":50,"fields":{"publication_date":"2020-01-01","is_published":true,"product":50,"channel":"EUR","visible_in_listings":true,"available_for_purchase":"2020-08-31","discounted_price_amount":"199.000","currency":"EUR"}},{"model":"product.productvariantchannellisting","pk":50,"fields":{"variant":50,"channel":"EUR","currency":"EUR","price_amount":"199.000","cost_price_amount":"199.000"}},{"model":"attribute.assignedproductattribute","pk":99,"fields":{"product":50,"assignment":1,"values":[2]}},{"model":"attribute.assignedvariantattribute","pk":99,"fields":{"variant":50,"assignment":1,"values":[2]}},{"model":"attribute.assignedproductattribute","pk":100,"fields":{"product":50,"assignment":3,"values":[28]}},{"model":"attribute.assignedvariantattribute","pk":100,"fields":{"variant":50,"assignment":3,"values":[28]}},{"model":"product.product","pk":51,"fields":{"private_metadata":{},"metadata":{"vatlayer.code":"standard","vatlayer.description":"standard"},"description_plaintext":"Season Ticket","seo_title":"","seo_description":"Season Ticket - KAC","description":{"blocks":[{"data":{"text":"Season Ticket"},"type":"paragraph"}]},"product_type":7,"name":"Season Ticket - KAC","slug":"season-ticket-kac","category":7,"updated_at":"2020-04-17T14:22:48.130Z","charge_taxes":true,"weight":"0.0:kg"}},{"model":"product.productvariant","pk":51,"fields":{"private_metadata":{},"metadata":{},"sku":"151","name":"Season","product":51,"track_inventory":false,"weight":"1.0:kg","default":true}},{"model":"product.productchannellisting","pk":51,"fields":{"publication_date":"2020-01-01","is_published":true,"product":51,"channel":"EUR","visible_in_listings":true,"available_for_purchase":"2020-08-31","discounted_price_amount":"199.000","currency":"EUR"}},{"model":"product.productvariantchannellisting","pk":51,"fields":{"variant":51,"channel":"EUR","currency":"EUR","price_amount":"199.000","cost_price_amount":"199.000"}},{"model":"attribute.assignedproductattribute","pk":101,"fields":{"product":51,"assignment":1,"values":[2]}},{"model":"attribute.assignedvariantattribute","pk":101,"fields":{"variant":51,"assignment":1,"values":[2]}},{"model":"attribute.assignedproductattribute","pk":102,"fields":{"product":51,"assignment":3,"values":[29]}},{"model":"attribute.assignedvariantattribute","pk":102,"fields":{"variant":51,"assignment":3,"values":[29]}},{"model":"product.product","pk":52,"fields":{"private_metadata":{},"metadata":{"vatlayer.code":"standard","vatlayer.description":"standard"},"description_plaintext":"Season Ticket","seo_title":"","seo_description":"Season Ticket - DEC","description":{"blocks":[{"data":{"text":"Season Ticket"},"type":"paragraph"}]},"product_type":7,"name":"Season Ticket - DEC","slug":"season-ticket-dec","category":7,"updated_at":"2020-04-17T14:22:48.130Z","charge_taxes":true,"weight":"0.0:kg"}},{"model":"product.productvariant","pk":52,"fields":{"private_metadata":{},"metadata":{},"sku":"152","name":"Season","product":52,"track_inventory":false,"weight":"1.0:kg","default":true}},{"model":"product.productchannellisting","pk":52,"fields":{"publication_date":"2020-01-01","is_published":true,"product":52,"channel":"EUR","visible_in_listings":true,"available_for_purchase":"2020-08-31","discounted_price_amount":"199.000","currency":"EUR"}},{"model":"product.productvariantchannellisting","pk":52,"fields":{"variant":52,"channel":"EUR","currency":"EUR","price_amount":"199.000","cost_price_amount":"199.000"}},{"model":"attribute.assignedproductattribute","pk":103,"fields":{"product":52,"assignment":1,"values":[2]}},{"model":"attribute.assignedvariantattribute","pk":103,"fields":{"variant":52,"assignment":1,"values":[2]}},{"model":"attribute.assignedproductattribute","pk":104,"fields":{"product":52,"assignment":3,"values":[30]}},{"model":"attribute.assignedvariantattribute","pk":104,"fields":{"variant":52,"assignment":3,"values":[30]}},{"model":"product.product","pk":53,"fields":{"private_metadata":{},"metadata":{"vatlayer.code":"standard","vatlayer.description":"standard"},"description_plaintext":"Season Ticket","seo_title":"","seo_description":"Season Ticket - AVS","description":{"blocks":[{"data":{"text":"Season Ticket"},"type":"paragraph"}]},"product_type":7,"name":"Season Ticket - AVS","slug":"season-ticket-avs","category":7,"updated_at":"2020-04-17T14:22:48.130Z","charge_taxes":true,"weight":"0.0:kg"}},{"model":"product.productvariant","pk":53,"fields":{"private_metadata":{},"metadata":{},"sku":"153","name":"Season","product":53,"track_inventory":false,"weight":"1.0:kg","default":true}},{"model":"product.productchannellisting","pk":53,"fields":{"publication_date":"2020-01-01","is_published":true,"product":53,"channel":"EUR","visible_in_listings":true,"available_for_purchase":"2020-08-31","discounted_price_amount":"199.000","currency":"EUR"}},{"model":"product.productvariantchannellisting","pk":53,"fields":{"variant":53,"channel":"EUR","currency":"EUR","price_amount":"199.000","cost_price_amount":"199.000"}},{"model":"attribute.assignedproductattribute","pk":105,"fields":{"product":53,"assignment":1,"values":[2]}},{"model":"attribute.assignedvariantattribute","pk":105,"fields":{"variant":53,"assignment":1,"values":[2]}},{"model":"attribute.assignedproductattribute","pk":106,"fields":{"product":53,"assignment":3,"values":[31]}},{"model":"attribute.assignedvariantattribute","pk":106,"fields":{"variant":53,"assignment":3,"values":[31]}},{"model":"product.product","pk":54,"fields":{"private_metadata":{},"metadata":{"vatlayer.code":"standard","vatlayer.description":"standard"},"description_plaintext":"Season Ticket","seo_title":"","seo_description":"Season Ticket - BRC","description":{"blocks":[{"data":{"text":"Season Ticket"},"type":"paragraph"}]},"product_type":7,"name":"Season Ticket - BRC","slug":"season-ticket-brc","category":7,"updated_at":"2020-04-17T14:22:48.130Z","charge_taxes":true,"weight":"0.0:kg"}},{"model":"product.productvariant","pk":54,"fields":{"private_metadata":{},"metadata":{},"sku":"154","name":"Season","product":54,"track_inventory":false,"weight":"1.0:kg","default":true}},{"model":"product.productchannellisting","pk":54,"fields":{"publication_date":"2020-01-01","is_published":true,"product":54,"channel":"EUR","visible_in_listings":true,"available_for_purchase":"2020-08-31","discounted_price_amount":"199.000","currency":"EUR"}},{"model":"product.productvariantchannellisting","pk":54,"fields":{"variant":54,"channel":"EUR","currency":"EUR","price_amount":"199.000","cost_price_amount":"199.000"}},{"model":"attribute.assignedproductattribute","pk":107,"fields":{"product":54,"assignment":1,"values":[2]}},{"model":"attribute.assignedvariantattribute","pk":107,"fields":{"variant":54,"assignment":1,"values":[2]}},{"model":"attribute.assignedproductattribute","pk":108,"fields":{"product":54,"assignment":3,"values":[32]}},{"model":"attribute.assignedvariantattribute","pk":108,"fields":{"variant":54,"assignment":3,"values":[32]}},{"model":"product.product","pk":55,"fields":{"private_metadata":{},"metadata":{"vatlayer.code":"standard","vatlayer.description":"standard"},"description_plaintext":"Season Ticket","seo_title":"","seo_description":"Season Ticket","description":{"blocks":[{"data":{"text":"Season Ticket"},"type":"paragraph"}]},"product_type":7,"name":"Season Ticket","slug":"season-ticket","category":7,"updated_at":"2020-04-17T14:22:48.130Z","charge_taxes":true,"weight":"0.0:kg"}},{"model":"product.productvariant","pk":55,"fields":{"private_metadata":{},"metadata":{},"sku":"155","name":"Season","product":55,"track_inventory":false,"weight":"1.0:kg","default":true}},{"model":"product.productchannellisting","pk":55,"fields":{"publication_date":"2020-01-01","is_published":true,"product":55,"channel":"EUR","visible_in_listings":true,"available_for_purchase":"2020-08-31","discounted_price_amount":"299.000","currency":"EUR"}},{"model":"product.productvariantchannellisting","pk":55,"fields":{"variant":55,"channel":"EUR","currency":"EUR","price_amount":"299.000","cost_price_amount":"299.000"}},{"model":"attribute.assignedproductattribute","pk":109,"fields":{"product":55,"assignment":1,"values":[2]}},{"model":"attribute.assignedvariantattribute","pk":109,"fields":{"variant":55,"assignment":1,"values":[2]}},{"model":"attribute.assignedproductattribute","pk":110,"fields":{"product":55,"assignment":3,"values":[5]}},{"model":"attribute.assignedvariantattribute","pk":110,"fields":{"variant":55,"assignment":3,"values":[5]}},{"model":"product.product","pk":56,"fields":{"private_metadata":{},"metadata":{"vatlayer.code":"standard","vatlayer.description":"standard"},"description_plaintext":"Day Ticket","seo_title":"","seo_description":"Day Ticket - ICE","description":{"blocks":[{"data":{"text":"Day Ticket"},"type":"paragraph"}]},"product_type":7,"name":"Day Ticket - ICE","slug":"day-ticket-ice","category":7,"updated_at":"2020-04-17T14:22:48.130Z","charge_taxes":true,"weight":"0.0:kg"}},{"model":"product.productvariant","pk":56,"fields":{"private_metadata":{},"metadata":{},"sku":"156","name":"Day","product":56,"track_inventory":false,"weight":"1.0:kg","default":true}},{"model":"product.productchannellisting","pk":56,"fields":{"publication_date":"2020-01-01","is_published":true,"product":56,"channel":"EUR","visible_in_listings":true,"available_for_purchase":"2020-08-31","discounted_price_amount":"12.500","currency":"EUR"}},{"model":"product.productvariantchannellisting","pk":56,"fields":{"variant":56,"channel":"EUR","currency":"EUR","price_amount":"12.500","cost_price_amount":"12.500"}},{"model":"attribute.assignedproductattribute","pk":111,"fields":{"product":56,"assignment":1,"values":[4]}},{"model":"attribute.assignedvariantattribute","pk":111,"fields":{"variant":56,"assignment":1,"values":[4]}},{"model":"attribute.assignedproductattribute","pk":112,"fields":{"product":56,"assignment":2,"values":[33]}},{"model":"attribute.assignedvariantattribute","pk":112,"fields":{"variant":56,"assignment":2,"values":[33]}},{"model":"product.product","pk":57,"fields":{"private_metadata":{},"metadata":{"vatlayer.code":"standard","vatlayer.description":"standard"},"description_plaintext":"Day Ticket","seo_title":"","seo_description":"Day Ticket - AHL","description":{"blocks":[{"data":{"text":"Day Ticket"},"type":"paragraph"}]},"product_type":7,"name":"Day Ticket - AHL","slug":"day-ticket-ahl","category":7,"updated_at":"2020-04-17T14:22:48.130Z","charge_taxes":true,"weight":"0.0:kg"}},{"model":"product.productvariant","pk":57,"fields":{"private_metadata":{},"metadata":{},"sku":"157","name":"Day","product":57,"track_inventory":false,"weight":"1.0:kg","default":true}},{"model":"product.productchannellisting","pk":57,"fields":{"publication_date":"2020-01-01","is_published":true,"product":57,"channel":"EUR","visible_in_listings":true,"available_for_purchase":"2020-08-31","discounted_price_amount":"12.500","currency":"EUR"}},{"model":"product.productvariantchannellisting","pk":57,"fields":{"variant":57,"channel":"EUR","currency":"EUR","price_amount":"12.500","cost_price_amount":"12.500"}},{"model":"attribute.assignedproductattribute","pk":113,"fields":{"product":57,"assignment":1,"values":[4]}},{"model":"attribute.assignedvariantattribute","pk":113,"fields":{"variant":57,"assignment":1,"values":[4]}},{"model":"attribute.assignedproductattribute","pk":114,"fields":{"product":57,"assignment":2,"values":[34]}},{"model":"attribute.assignedvariantattribute","pk":114,"fields":{"variant":57,"assignment":2,"values":[34]}},{"model":"product.product","pk":58,"fields":{"private_metadata":{},"metadata":{"vatlayer.code":"standard","vatlayer.description":"standard"},"description_plaintext":"Month Ticket","seo_title":"","seo_description":"Month Ticket - ICE - ASH","description":{"blocks":[{"data":{"text":"Month Ticket"},"type":"paragraph"}]},"product_type":7,"name":"Month Ticket - ICE - ASH","slug":"month-ticket-ice-ash","category":7,"updated_at":"2020-04-17T14:22:48.130Z","charge_taxes":true,"weight":"0.0:kg"}},{"model":"product.productvariant","pk":58,"fields":{"private_metadata":{},"metadata":{},"sku":"158","name":"Month","product":58,"track_inventory":false,"weight":"1.0:kg","default":true}},{"model":"product.productchannellisting","pk":58,"fields":{"publication_date":"2020-01-01","is_published":true,"product":58,"channel":"EUR","visible_in_listings":true,"available_for_purchase":"2020-08-31","discounted_price_amount":"49.000","currency":"EUR"}},{"model":"product.productvariantchannellisting","pk":58,"fields":{"variant":58,"channel":"EUR","currency":"EUR","price_amount":"49.000","cost_price_amount":"49.000"}},{"model":"attribute.assignedproductattribute","pk":115,"fields":{"product":58,"assignment":1,"values":[3]}},{"model":"attribute.assignedvariantattribute","pk":115,"fields":{"variant":58,"assignment":1,"values":[3]}},{"model":"attribute.assignedproductattribute","pk":116,"fields":{"product":58,"assignment":2,"values":[33]}},{"model":"attribute.assignedvariantattribute","pk":116,"fields":{"variant":58,"assignment":2,"values":[33]}},{"model":"attribute.assignedproductattribute","pk":117,"fields":{"product":58,"assignment":3,"values":[6]}},{"model":"attribute.assignedvariantattribute","pk":117,"fields":{"variant":58,"assignment":3,"values":[6]}},{"model":"product.product","pk":59,"fields":{"private_metadata":{},"metadata":{"vatlayer.code":"standard","vatlayer.description":"standard"},"description_plaintext":"Month Ticket","seo_title":"","seo_description":"Month Ticket - ICE - ECB","description":{"blocks":[{"data":{"text":"Month Ticket"},"type":"paragraph"}]},"product_type":7,"name":"Month Ticket - ICE - ECB","slug":"month-ticket-ice-ecb","category":7,"updated_at":"2020-04-17T14:22:48.130Z","charge_taxes":true,"weight":"0.0:kg"}},{"model":"product.productvariant","pk":59,"fields":{"private_metadata":{},"metadata":{},"sku":"159","name":"Month","product":59,"track_inventory":false,"weight":"1.0:kg","default":true}},{"model":"product.productchannellisting","pk":59,"fields":{"publication_date":"2020-01-01","is_published":true,"product":59,"channel":"EUR","visible_in_listings":true,"available_for_purchase":"2020-08-31","discounted_price_amount":"49.000","currency":"EUR"}},{"model":"product.productvariantchannellisting","pk":59,"fields":{"variant":59,"channel":"EUR","currency":"EUR","price_amount":"49.000","cost_price_amount":"49.000"}},{"model":"attribute.assignedproductattribute","pk":118,"fields":{"product":59,"assignment":1,"values":[3]}},{"model":"attribute.assignedvariantattribute","pk":118,"fields":{"variant":59,"assignment":1,"values":[3]}},{"model":"attribute.assignedproductattribute","pk":119,"fields":{"product":59,"assignment":2,"values":[33]}},{"model":"attribute.assignedvariantattribute","pk":119,"fields":{"variant":59,"assignment":2,"values":[33]}},{"model":"attribute.assignedproductattribute","pk":120,"fields":{"product":59,"assignment":3,"values":[7]}},{"model":"attribute.assignedvariantattribute","pk":120,"fields":{"variant":59,"assignment":3,"values":[7]}},{"model":"product.product","pk":60,"fields":{"private_metadata":{},"metadata":{"vatlayer.code":"standard","vatlayer.description":"standard"},"description_plaintext":"Month Ticket","seo_title":"","seo_description":"Month Ticket - ICE - EHC","description":{"blocks":[{"data":{"text":"Month Ticket"},"type":"paragraph"}]},"product_type":7,"name":"Month Ticket - ICE - EHC","slug":"month-ticket-ice-ehc","category":7,"updated_at":"2020-04-17T14:22:48.130Z","charge_taxes":true,"weight":"0.0:kg"}},{"model":"product.productvariant","pk":60,"fields":{"private_metadata":{},"metadata":{},"sku":"160","name":"Month","product":60,"track_inventory":false,"weight":"1.0:kg","default":true}},{"model":"product.productchannellisting","pk":60,"fields":{"publication_date":"2020-01-01","is_published":true,"product":60,"channel":"EUR","visible_in_listings":true,"available_for_purchase":"2020-08-31","discounted_price_amount":"49.000","currency":"EUR"}},{"model":"product.productvariantchannellisting","pk":60,"fields":{"variant":60,"channel":"EUR","currency":"EUR","price_amount":"49.000","cost_price_amount":"49.000"}},{"model":"attribute.assignedproductattribute","pk":121,"fields":{"product":60,"assignment":1,"values":[3]}},{"model":"attribute.assignedvariantattribute","pk":121,"fields":{"variant":60,"assignment":1,"values":[3]}},{"model":"attribute.assignedproductattribute","pk":122,"fields":{"product":60,"assignment":2,"values":[33]}},{"model":"attribute.assignedvariantattribute","pk":122,"fields":{"variant":60,"assignment":2,"values":[33]}},{"model":"attribute.assignedproductattribute","pk":123,"fields":{"product":60,"assignment":3,"values":[8]}},{"model":"attribute.assignedvariantattribute","pk":123,"fields":{"variant":60,"assignment":3,"values":[8]}},{"model":"product.product","pk":61,"fields":{"private_metadata":{},"metadata":{"vatlayer.code":"standard","vatlayer.description":"standard"},"description_plaintext":"Month Ticket","seo_title":"","seo_description":"Month Ticket - ICE - FAS","description":{"blocks":[{"data":{"text":"Month Ticket"},"type":"paragraph"}]},"product_type":7,"name":"Month Ticket - ICE - FAS","slug":"month-ticket-ice-fas","category":7,"updated_at":"2020-04-17T14:22:48.130Z","charge_taxes":true,"weight":"0.0:kg"}},{"model":"product.productvariant","pk":61,"fields":{"private_metadata":{},"metadata":{},"sku":"161","name":"Month","product":61,"track_inventory":false,"weight":"1.0:kg","default":true}},{"model":"product.productchannellisting","pk":61,"fields":{"publication_date":"2020-01-01","is_published":true,"product":61,"channel":"EUR","visible_in_listings":true,"available_for_purchase":"2020-08-31","discounted_price_amount":"49.000","currency":"EUR"}},{"model":"product.productvariantchannellisting","pk":61,"fields":{"variant":61,"channel":"EUR","currency":"EUR","price_amount":"49.000","cost_price_amount":"49.000"}},{"model":"attribute.assignedproductattribute","pk":124,"fields":{"product":61,"assignment":1,"values":[3]}},{"model":"attribute.assignedvariantattribute","pk":124,"fields":{"variant":61,"assignment":1,"values":[3]}},{"model":"attribute.assignedproductattribute","pk":125,"fields":{"product":61,"assignment":2,"values":[33]}},{"model":"attribute.assignedvariantattribute","pk":125,"fields":{"variant":61,"assignment":2,"values":[33]}},{"model":"attribute.assignedproductattribute","pk":126,"fields":{"product":61,"assignment":3,"values":[9]}},{"model":"attribute.assignedvariantattribute","pk":126,"fields":{"variant":61,"assignment":3,"values":[9]}},{"model":"product.product","pk":62,"fields":{"private_metadata":{},"metadata":{"vatlayer.code":"standard","vatlayer.description":"standard"},"description_plaintext":"Month Ticket","seo_title":"","seo_description":"Month Ticket - ICE - GHE","description":{"blocks":[{"data":{"text":"Month Ticket"},"type":"paragraph"}]},"product_type":7,"name":"Month Ticket - ICE - GHE","slug":"month-ticket-ice-ghe","category":7,"updated_at":"2020-04-17T14:22:48.130Z","charge_taxes":true,"weight":"0.0:kg"}},{"model":"product.productvariant","pk":62,"fields":{"private_metadata":{},"metadata":{},"sku":"162","name":"Month","product":62,"track_inventory":false,"weight":"1.0:kg","default":true}},{"model":"product.productchannellisting","pk":62,"fields":{"publication_date":"2020-01-01","is_published":true,"product":62,"channel":"EUR","visible_in_listings":true,"available_for_purchase":"2020-08-31","discounted_price_amount":"49.000","currency":"EUR"}},{"model":"product.productvariantchannellisting","pk":62,"fields":{"variant":62,"channel":"EUR","currency":"EUR","price_amount":"49.000","cost_price_amount":"49.000"}},{"model":"attribute.assignedproductattribute","pk":127,"fields":{"product":62,"assignment":1,"values":[3]}},{"model":"attribute.assignedvariantattribute","pk":127,"fields":{"variant":62,"assignment":1,"values":[3]}},{"model":"attribute.assignedproductattribute","pk":128,"fields":{"product":62,"assignment":2,"values":[33]}},{"model":"attribute.assignedvariantattribute","pk":128,"fields":{"variant":62,"assignment":2,"values":[33]}},{"model":"attribute.assignedproductattribute","pk":129,"fields":{"product":62,"assignment":3,"values":[10]}},{"model":"attribute.assignedvariantattribute","pk":129,"fields":{"variant":62,"assignment":3,"values":[10]}},{"model":"product.product","pk":63,"fields":{"private_metadata":{},"metadata":{"vatlayer.code":"standard","vatlayer.description":"standard"},"description_plaintext":"Month Ticket","seo_title":"","seo_description":"Month Ticket - ICE - JES","description":{"blocks":[{"data":{"text":"Month Ticket"},"type":"paragraph"}]},"product_type":7,"name":"Month Ticket - ICE - JES","slug":"month-ticket-ice-jes","category":7,"updated_at":"2020-04-17T14:22:48.130Z","charge_taxes":true,"weight":"0.0:kg"}},{"model":"product.productvariant","pk":63,"fields":{"private_metadata":{},"metadata":{},"sku":"163","name":"Month","product":63,"track_inventory":false,"weight":"1.0:kg","default":true}},{"model":"product.productchannellisting","pk":63,"fields":{"publication_date":"2020-01-01","is_published":true,"product":63,"channel":"EUR","visible_in_listings":true,"available_for_purchase":"2020-08-31","discounted_price_amount":"49.000","currency":"EUR"}},{"model":"product.productvariantchannellisting","pk":63,"fields":{"variant":63,"channel":"EUR","currency":"EUR","price_amount":"49.000","cost_price_amount":"49.000"}},{"model":"attribute.assignedproductattribute","pk":130,"fields":{"product":63,"assignment":1,"values":[3]}},{"model":"attribute.assignedvariantattribute","pk":130,"fields":{"variant":63,"assignment":1,"values":[3]}},{"model":"attribute.assignedproductattribute","pk":131,"fields":{"product":63,"assignment":2,"values":[33]}},{"model":"attribute.assignedvariantattribute","pk":131,"fields":{"variant":63,"assignment":2,"values":[33]}},{"model":"attribute.assignedproductattribute","pk":132,"fields":{"product":63,"assignment":3,"values":[11]}},{"model":"attribute.assignedvariantattribute","pk":132,"fields":{"variant":63,"assignment":3,"values":[11]}},{"model":"product.product","pk":64,"fields":{"private_metadata":{},"metadata":{"vatlayer.code":"standard","vatlayer.description":"standard"},"description_plaintext":"Month Ticket","seo_title":"","seo_description":"Month Ticket - ICE - SWL","description":{"blocks":[{"data":{"text":"Month Ticket"},"type":"paragraph"}]},"product_type":7,"name":"Month Ticket - ICE - SWL","slug":"month-ticket-ice-swl","category":7,"updated_at":"2020-04-17T14:22:48.130Z","charge_taxes":true,"weight":"0.0:kg"}},{"model":"product.productvariant","pk":64,"fields":{"private_metadata":{},"metadata":{},"sku":"164","name":"Month","product":64,"track_inventory":false,"weight":"1.0:kg","default":true}},{"model":"product.productchannellisting","pk":64,"fields":{"publication_date":"2020-01-01","is_published":true,"product":64,"channel":"EUR","visible_in_listings":true,"available_for_purchase":"2020-08-31","discounted_price_amount":"49.000","currency":"EUR"}},{"model":"product.productvariantchannellisting","pk":64,"fields":{"variant":64,"channel":"EUR","currency":"EUR","price_amount":"49.000","cost_price_amount":"49.000"}},{"model":"attribute.assignedproductattribute","pk":133,"fields":{"product":64,"assignment":1,"values":[3]}},{"model":"attribute.assignedvariantattribute","pk":133,"fields":{"variant":64,"assignment":1,"values":[3]}},{"model":"attribute.assignedproductattribute","pk":134,"fields":{"product":64,"assignment":2,"values":[33]}},{"model":"attribute.assignedvariantattribute","pk":134,"fields":{"variant":64,"assignment":2,"values":[33]}},{"model":"attribute.assignedproductattribute","pk":135,"fields":{"product":64,"assignment":3,"values":[12]}},{"model":"attribute.assignedvariantattribute","pk":135,"fields":{"variant":64,"assignment":3,"values":[12]}},{"model":"product.product","pk":65,"fields":{"private_metadata":{},"metadata":{"vatlayer.code":"standard","vatlayer.description":"standard"},"description_plaintext":"Month Ticket","seo_title":"","seo_description":"Month Ticket - ICE - KA2","description":{"blocks":[{"data":{"text":"Month Ticket"},"type":"paragraph"}]},"product_type":7,"name":"Month Ticket - ICE - KA2","slug":"month-ticket-ice-ka2","category":7,"updated_at":"2020-04-17T14:22:48.130Z","charge_taxes":true,"weight":"0.0:kg"}},{"model":"product.productvariant","pk":65,"fields":{"private_metadata":{},"metadata":{},"sku":"165","name":"Month","product":65,"track_inventory":false,"weight":"1.0:kg","default":true}},{"model":"product.productchannellisting","pk":65,"fields":{"publication_date":"2020-01-01","is_published":true,"product":65,"channel":"EUR","visible_in_listings":true,"available_for_purchase":"2020-08-31","discounted_price_amount":"49.000","currency":"EUR"}},{"model":"product.productvariantchannellisting","pk":65,"fields":{"variant":65,"channel":"EUR","currency":"EUR","price_amount":"49.000","cost_price_amount":"49.000"}},{"model":"attribute.assignedproductattribute","pk":136,"fields":{"product":65,"assignment":1,"values":[3]}},{"model":"attribute.assignedvariantattribute","pk":136,"fields":{"variant":65,"assignment":1,"values":[3]}},{"model":"attribute.assignedproductattribute","pk":137,"fields":{"product":65,"assignment":2,"values":[33]}},{"model":"attribute.assignedvariantattribute","pk":137,"fields":{"variant":65,"assignment":2,"values":[33]}},{"model":"attribute.assignedproductattribute","pk":138,"fields":{"product":65,"assignment":3,"values":[13]}},{"model":"attribute.assignedvariantattribute","pk":138,"fields":{"variant":65,"assignment":3,"values":[13]}},{"model":"product.product","pk":66,"fields":{"private_metadata":{},"metadata":{"vatlayer.code":"standard","vatlayer.description":"standard"},"description_plaintext":"Month Ticket","seo_title":"","seo_description":"Month Ticket - ICE - KEC","description":{"blocks":[{"data":{"text":"Month Ticket"},"type":"paragraph"}]},"product_type":7,"name":"Month Ticket - ICE - KEC","slug":"month-ticket-ice-kec","category":7,"updated_at":"2020-04-17T14:22:48.130Z","charge_taxes":true,"weight":"0.0:kg"}},{"model":"product.productvariant","pk":66,"fields":{"private_metadata":{},"metadata":{},"sku":"166","name":"Month","product":66,"track_inventory":false,"weight":"1.0:kg","default":true}},{"model":"product.productchannellisting","pk":66,"fields":{"publication_date":"2020-01-01","is_published":true,"product":66,"channel":"EUR","visible_in_listings":true,"available_for_purchase":"2020-08-31","discounted_price_amount":"49.000","currency":"EUR"}},{"model":"product.productvariantchannellisting","pk":66,"fields":{"variant":66,"channel":"EUR","currency":"EUR","price_amount":"49.000","cost_price_amount":"49.000"}},{"model":"attribute.assignedproductattribute","pk":139,"fields":{"product":66,"assignment":1,"values":[3]}},{"model":"attribute.assignedvariantattribute","pk":139,"fields":{"variant":66,"assignment":1,"values":[3]}},{"model":"attribute.assignedproductattribute","pk":140,"fields":{"product":66,"assignment":2,"values":[33]}},{"model":"attribute.assignedvariantattribute","pk":140,"fields":{"variant":66,"assignment":2,"values":[33]}},{"model":"attribute.assignedproductattribute","pk":141,"fields":{"product":66,"assignment":3,"values":[14]}},{"model":"attribute.assignedvariantattribute","pk":141,"fields":{"variant":66,"assignment":3,"values":[14]}},{"model":"product.product","pk":67,"fields":{"private_metadata":{},"metadata":{"vatlayer.code":"standard","vatlayer.description":"standard"},"description_plaintext":"Month Ticket","seo_title":"","seo_description":"Month Ticket - ICE - PUS","description":{"blocks":[{"data":{"text":"Month Ticket"},"type":"paragraph"}]},"product_type":7,"name":"Month Ticket - ICE - PUS","slug":"month-ticket-ice-pus","category":7,"updated_at":"2020-04-17T14:22:48.130Z","charge_taxes":true,"weight":"0.0:kg"}},{"model":"product.productvariant","pk":67,"fields":{"private_metadata":{},"metadata":{},"sku":"167","name":"Month","product":67,"track_inventory":false,"weight":"1.0:kg","default":true}},{"model":"product.productchannellisting","pk":67,"fields":{"publication_date":"2020-01-01","is_published":true,"product":67,"channel":"EUR","visible_in_listings":true,"available_for_purchase":"2020-08-31","discounted_price_amount":"49.000","currency":"EUR"}},{"model":"product.productvariantchannellisting","pk":67,"fields":{"variant":67,"channel":"EUR","currency":"EUR","price_amount":"49.000","cost_price_amount":"49.000"}},{"model":"attribute.assignedproductattribute","pk":142,"fields":{"product":67,"assignment":1,"values":[3]}},{"model":"attribute.assignedvariantattribute","pk":142,"fields":{"variant":67,"assignment":1,"values":[3]}},{"model":"attribute.assignedproductattribute","pk":143,"fields":{"product":67,"assignment":2,"values":[33]}},{"model":"attribute.assignedvariantattribute","pk":143,"fields":{"variant":67,"assignment":2,"values":[33]}},{"model":"attribute.assignedproductattribute","pk":144,"fields":{"product":67,"assignment":3,"values":[15]}},{"model":"attribute.assignedvariantattribute","pk":144,"fields":{"variant":67,"assignment":3,"values":[15]}},{"model":"product.product","pk":68,"fields":{"private_metadata":{},"metadata":{"vatlayer.code":"standard","vatlayer.description":"standard"},"description_plaintext":"Month Ticket","seo_title":"","seo_description":"Month Ticket - ICE - RBJ","description":{"blocks":[{"data":{"text":"Month Ticket"},"type":"paragraph"}]},"product_type":7,"name":"Month Ticket - ICE - RBJ","slug":"month-ticket-ice-rbj","category":7,"updated_at":"2020-04-17T14:22:48.130Z","charge_taxes":true,"weight":"0.0:kg"}},{"model":"product.productvariant","pk":68,"fields":{"private_metadata":{},"metadata":{},"sku":"168","name":"Month","product":68,"track_inventory":false,"weight":"1.0:kg","default":true}},{"model":"product.productchannellisting","pk":68,"fields":{"publication_date":"2020-01-01","is_published":true,"product":68,"channel":"EUR","visible_in_listings":true,"available_for_purchase":"2020-08-31","discounted_price_amount":"49.000","currency":"EUR"}},{"model":"product.productvariantchannellisting","pk":68,"fields":{"variant":68,"channel":"EUR","currency":"EUR","price_amount":"49.000","cost_price_amount":"49.000"}},{"model":"attribute.assignedproductattribute","pk":145,"fields":{"product":68,"assignment":1,"values":[3]}},{"model":"attribute.assignedvariantattribute","pk":145,"fields":{"variant":68,"assignment":1,"values":[3]}},{"model":"attribute.assignedproductattribute","pk":146,"fields":{"product":68,"assignment":2,"values":[33]}},{"model":"attribute.assignedvariantattribute","pk":146,"fields":{"variant":68,"assignment":2,"values":[33]}},{"model":"attribute.assignedproductattribute","pk":147,"fields":{"product":68,"assignment":3,"values":[16]}},{"model":"attribute.assignedvariantattribute","pk":147,"fields":{"variant":68,"assignment":3,"values":[16]}},{"model":"product.product","pk":69,"fields":{"private_metadata":{},"metadata":{"vatlayer.code":"standard","vatlayer.description":"standard"},"description_plaintext":"Month Ticket","seo_title":"","seo_description":"Month Ticket - ICE - RIT","description":{"blocks":[{"data":{"text":"Month Ticket"},"type":"paragraph"}]},"product_type":7,"name":"Month Ticket - ICE - RIT","slug":"month-ticket-ice-rit","category":7,"updated_at":"2020-04-17T14:22:48.130Z","charge_taxes":true,"weight":"0.0:kg"}},{"model":"product.productvariant","pk":69,"fields":{"private_metadata":{},"metadata":{},"sku":"169","name":"Month","product":69,"track_inventory":false,"weight":"1.0:kg","default":true}},{"model":"product.productchannellisting","pk":69,"fields":{"publication_date":"2020-01-01","is_published":true,"product":69,"channel":"EUR","visible_in_listings":true,"available_for_purchase":"2020-08-31","discounted_price_amount":"49.000","currency":"EUR"}},{"model":"product.productvariantchannellisting","pk":69,"fields":{"variant":69,"channel":"EUR","currency":"EUR","price_amount":"49.000","cost_price_amount":"49.000"}},{"model":"attribute.assignedproductattribute","pk":148,"fields":{"product":69,"assignment":1,"values":[3]}},{"model":"attribute.assignedvariantattribute","pk":148,"fields":{"variant":69,"assignment":1,"values":[3]}},{"model":"attribute.assignedproductattribute","pk":149,"fields":{"product":69,"assignment":2,"values":[33]}},{"model":"attribute.assignedvariantattribute","pk":149,"fields":{"variant":69,"assignment":2,"values":[33]}},{"model":"attribute.assignedproductattribute","pk":150,"fields":{"product":69,"assignment":3,"values":[17]}},{"model":"attribute.assignedvariantattribute","pk":150,"fields":{"variant":69,"assignment":3,"values":[17]}},{"model":"product.product","pk":70,"fields":{"private_metadata":{},"metadata":{"vatlayer.code":"standard","vatlayer.description":"standard"},"description_plaintext":"Month Ticket","seo_title":"","seo_description":"Month Ticket - ICE - SGC","description":{"blocks":[{"data":{"text":"Month Ticket"},"type":"paragraph"}]},"product_type":7,"name":"Month Ticket - ICE - SGC","slug":"month-ticket-ice-sgc","category":7,"updated_at":"2020-04-17T14:22:48.130Z","charge_taxes":true,"weight":"0.0:kg"}},{"model":"product.productvariant","pk":70,"fields":{"private_metadata":{},"metadata":{},"sku":"170","name":"Month","product":70,"track_inventory":false,"weight":"1.0:kg","default":true}},{"model":"product.productchannellisting","pk":70,"fields":{"publication_date":"2020-01-01","is_published":true,"product":70,"channel":"EUR","visible_in_listings":true,"available_for_purchase":"2020-08-31","discounted_price_amount":"49.000","currency":"EUR"}},{"model":"product.productvariantchannellisting","pk":70,"fields":{"variant":70,"channel":"EUR","currency":"EUR","price_amount":"49.000","cost_price_amount":"49.000"}},{"model":"attribute.assignedproductattribute","pk":151,"fields":{"product":70,"assignment":1,"values":[3]}},{"model":"attribute.assignedvariantattribute","pk":151,"fields":{"variant":70,"assignment":1,"values":[3]}},{"model":"attribute.assignedproductattribute","pk":152,"fields":{"product":70,"assignment":2,"values":[33]}},{"model":"attribute.assignedvariantattribute","pk":152,"fields":{"variant":70,"assignment":2,"values":[33]}},{"model":"attribute.assignedproductattribute","pk":153,"fields":{"product":70,"assignment":3,"values":[18]}},{"model":"attribute.assignedvariantattribute","pk":153,"fields":{"variant":70,"assignment":3,"values":[18]}},{"model":"product.product","pk":71,"fields":{"private_metadata":{},"metadata":{"vatlayer.code":"standard","vatlayer.description":"standard"},"description_plaintext":"Month Ticket","seo_title":"","seo_description":"Month Ticket - ICE - VEU","description":{"blocks":[{"data":{"text":"Month Ticket"},"type":"paragraph"}]},"product_type":7,"name":"Month Ticket - ICE - VEU","slug":"month-ticket-ice-veu","category":7,"updated_at":"2020-04-17T14:22:48.130Z","charge_taxes":true,"weight":"0.0:kg"}},{"model":"product.productvariant","pk":71,"fields":{"private_metadata":{},"metadata":{},"sku":"171","name":"Month","product":71,"track_inventory":false,"weight":"1.0:kg","default":true}},{"model":"product.productchannellisting","pk":71,"fields":{"publication_date":"2020-01-01","is_published":true,"product":71,"channel":"EUR","visible_in_listings":true,"available_for_purchase":"2020-08-31","discounted_price_amount":"49.000","currency":"EUR"}},{"model":"product.productvariantchannellisting","pk":71,"fields":{"variant":71,"channel":"EUR","currency":"EUR","price_amount":"49.000","cost_price_amount":"49.000"}},{"model":"attribute.assignedproductattribute","pk":154,"fields":{"product":71,"assignment":1,"values":[3]}},{"model":"attribute.assignedvariantattribute","pk":154,"fields":{"variant":71,"assignment":1,"values":[3]}},{"model":"attribute.assignedproductattribute","pk":155,"fields":{"product":71,"assignment":2,"values":[33]}},{"model":"attribute.assignedvariantattribute","pk":155,"fields":{"variant":71,"assignment":2,"values":[33]}},{"model":"attribute.assignedproductattribute","pk":156,"fields":{"product":71,"assignment":3,"values":[19]}},{"model":"attribute.assignedvariantattribute","pk":156,"fields":{"variant":71,"assignment":3,"values":[19]}},{"model":"product.product","pk":72,"fields":{"private_metadata":{},"metadata":{"vatlayer.code":"standard","vatlayer.description":"standard"},"description_plaintext":"Month Ticket","seo_title":"","seo_description":"Month Ticket - ICE - WSV","description":{"blocks":[{"data":{"text":"Month Ticket"},"type":"paragraph"}]},"product_type":7,"name":"Month Ticket - ICE - WSV","slug":"month-ticket-ice-wsv","category":7,"updated_at":"2020-04-17T14:22:48.130Z","charge_taxes":true,"weight":"0.0:kg"}},{"model":"product.productvariant","pk":72,"fields":{"private_metadata":{},"metadata":{},"sku":"172","name":"Month","product":72,"track_inventory":false,"weight":"1.0:kg","default":true}},{"model":"product.productchannellisting","pk":72,"fields":{"publication_date":"2020-01-01","is_published":true,"product":72,"channel":"EUR","visible_in_listings":true,"available_for_purchase":"2020-08-31","discounted_price_amount":"49.000","currency":"EUR"}},{"model":"product.productvariantchannellisting","pk":72,"fields":{"variant":72,"channel":"EUR","currency":"EUR","price_amount":"49.000","cost_price_amount":"49.000"}},{"model":"attribute.assignedproductattribute","pk":157,"fields":{"product":72,"assignment":1,"values":[3]}},{"model":"attribute.assignedvariantattribute","pk":157,"fields":{"variant":72,"assignment":1,"values":[3]}},{"model":"attribute.assignedproductattribute","pk":158,"fields":{"product":72,"assignment":2,"values":[33]}},{"model":"attribute.assignedvariantattribute","pk":158,"fields":{"variant":72,"assignment":2,"values":[33]}},{"model":"attribute.assignedproductattribute","pk":159,"fields":{"product":72,"assignment":3,"values":[20]}},{"model":"attribute.assignedvariantattribute","pk":159,"fields":{"variant":72,"assignment":3,"values":[20]}},{"model":"product.product","pk":73,"fields":{"private_metadata":{},"metadata":{"vatlayer.code":"standard","vatlayer.description":"standard"},"description_plaintext":"Month Ticket","seo_title":"","seo_description":"Month Ticket - ICE - HKO","description":{"blocks":[{"data":{"text":"Month Ticket"},"type":"paragraph"}]},"product_type":7,"name":"Month Ticket - ICE - HKO","slug":"month-ticket-ice-hko","category":7,"updated_at":"2020-04-17T14:22:48.130Z","charge_taxes":true,"weight":"0.0:kg"}},{"model":"product.productvariant","pk":73,"fields":{"private_metadata":{},"metadata":{},"sku":"173","name":"Month","product":73,"track_inventory":false,"weight":"1.0:kg","default":true}},{"model":"product.productchannellisting","pk":73,"fields":{"publication_date":"2020-01-01","is_published":true,"product":73,"channel":"EUR","visible_in_listings":true,"available_for_purchase":"2020-08-31","discounted_price_amount":"49.000","currency":"EUR"}},{"model":"product.productvariantchannellisting","pk":73,"fields":{"variant":73,"channel":"EUR","currency":"EUR","price_amount":"49.000","cost_price_amount":"49.000"}},{"model":"attribute.assignedproductattribute","pk":160,"fields":{"product":73,"assignment":1,"values":[3]}},{"model":"attribute.assignedvariantattribute","pk":160,"fields":{"variant":73,"assignment":1,"values":[3]}},{"model":"attribute.assignedproductattribute","pk":161,"fields":{"product":73,"assignment":2,"values":[33]}},{"model":"attribute.assignedvariantattribute","pk":161,"fields":{"variant":73,"assignment":2,"values":[33]}},{"model":"attribute.assignedproductattribute","pk":162,"fields":{"product":73,"assignment":3,"values":[21]}},{"model":"attribute.assignedvariantattribute","pk":162,"fields":{"variant":73,"assignment":3,"values":[21]}},{"model":"product.product","pk":74,"fields":{"private_metadata":{},"metadata":{"vatlayer.code":"standard","vatlayer.description":"standard"},"description_plaintext":"Month Ticket","seo_title":"","seo_description":"Month Ticket - ICE - HCB","description":{"blocks":[{"data":{"text":"Month Ticket"},"type":"paragraph"}]},"product_type":7,"name":"Month Ticket - ICE - HCB","slug":"month-ticket-ice-hcb","category":7,"updated_at":"2020-04-17T14:22:48.130Z","charge_taxes":true,"weight":"0.0:kg"}},{"model":"product.productvariant","pk":74,"fields":{"private_metadata":{},"metadata":{},"sku":"174","name":"Month","product":74,"track_inventory":false,"weight":"1.0:kg","default":true}},{"model":"product.productchannellisting","pk":74,"fields":{"publication_date":"2020-01-01","is_published":true,"product":74,"channel":"EUR","visible_in_listings":true,"available_for_purchase":"2020-08-31","discounted_price_amount":"49.000","currency":"EUR"}},{"model":"product.productvariantchannellisting","pk":74,"fields":{"variant":74,"channel":"EUR","currency":"EUR","price_amount":"49.000","cost_price_amount":"49.000"}},{"model":"attribute.assignedproductattribute","pk":163,"fields":{"product":74,"assignment":1,"values":[3]}},{"model":"attribute.assignedvariantattribute","pk":163,"fields":{"variant":74,"assignment":1,"values":[3]}},{"model":"attribute.assignedproductattribute","pk":164,"fields":{"product":74,"assignment":2,"values":[33]}},{"model":"attribute.assignedvariantattribute","pk":164,"fields":{"variant":74,"assignment":2,"values":[33]}},{"model":"attribute.assignedproductattribute","pk":165,"fields":{"product":74,"assignment":3,"values":[22]}},{"model":"attribute.assignedvariantattribute","pk":165,"fields":{"variant":74,"assignment":3,"values":[22]}},{"model":"product.product","pk":75,"fields":{"private_metadata":{},"metadata":{"vatlayer.code":"standard","vatlayer.description":"standard"},"description_plaintext":"Month Ticket","seo_title":"","seo_description":"Month Ticket - ICE - VSV","description":{"blocks":[{"data":{"text":"Month Ticket"},"type":"paragraph"}]},"product_type":7,"name":"Month Ticket - ICE - VSV","slug":"month-ticket-ice-vsv","category":7,"updated_at":"2020-04-17T14:22:48.130Z","charge_taxes":true,"weight":"0.0:kg"}},{"model":"product.productvariant","pk":75,"fields":{"private_metadata":{},"metadata":{},"sku":"175","name":"Month","product":75,"track_inventory":false,"weight":"1.0:kg","default":true}},{"model":"product.productchannellisting","pk":75,"fields":{"publication_date":"2020-01-01","is_published":true,"product":75,"channel":"EUR","visible_in_listings":true,"available_for_purchase":"2020-08-31","discounted_price_amount":"49.000","currency":"EUR"}},{"model":"product.productvariantchannellisting","pk":75,"fields":{"variant":75,"channel":"EUR","currency":"EUR","price_amount":"49.000","cost_price_amount":"49.000"}},{"model":"attribute.assignedproductattribute","pk":166,"fields":{"product":75,"assignment":1,"values":[3]}},{"model":"attribute.assignedvariantattribute","pk":166,"fields":{"variant":75,"assignment":1,"values":[3]}},{"model":"attribute.assignedproductattribute","pk":167,"fields":{"product":75,"assignment":2,"values":[33]}},{"model":"attribute.assignedvariantattribute","pk":167,"fields":{"variant":75,"assignment":2,"values":[33]}},{"model":"attribute.assignedproductattribute","pk":168,"fields":{"product":75,"assignment":3,"values":[23]}},{"model":"attribute.assignedvariantattribute","pk":168,"fields":{"variant":75,"assignment":3,"values":[23]}},{"model":"product.product","pk":76,"fields":{"private_metadata":{},"metadata":{"vatlayer.code":"standard","vatlayer.description":"standard"},"description_plaintext":"Month Ticket","seo_title":"","seo_description":"Month Ticket - ICE - BWI","description":{"blocks":[{"data":{"text":"Month Ticket"},"type":"paragraph"}]},"product_type":7,"name":"Month Ticket - ICE - BWI","slug":"month-ticket-ice-bwi","category":7,"updated_at":"2020-04-17T14:22:48.130Z","charge_taxes":true,"weight":"0.0:kg"}},{"model":"product.productvariant","pk":76,"fields":{"private_metadata":{},"metadata":{},"sku":"176","name":"Month","product":76,"track_inventory":false,"weight":"1.0:kg","default":true}},{"model":"product.productchannellisting","pk":76,"fields":{"publication_date":"2020-01-01","is_published":true,"product":76,"channel":"EUR","visible_in_listings":true,"available_for_purchase":"2020-08-31","discounted_price_amount":"49.000","currency":"EUR"}},{"model":"product.productvariantchannellisting","pk":76,"fields":{"variant":76,"channel":"EUR","currency":"EUR","price_amount":"49.000","cost_price_amount":"49.000"}},{"model":"attribute.assignedproductattribute","pk":169,"fields":{"product":76,"assignment":1,"values":[3]}},{"model":"attribute.assignedvariantattribute","pk":169,"fields":{"variant":76,"assignment":1,"values":[3]}},{"model":"attribute.assignedproductattribute","pk":170,"fields":{"product":76,"assignment":2,"values":[33]}},{"model":"attribute.assignedvariantattribute","pk":170,"fields":{"variant":76,"assignment":2,"values":[33]}},{"model":"attribute.assignedproductattribute","pk":171,"fields":{"product":76,"assignment":3,"values":[24]}},{"model":"attribute.assignedvariantattribute","pk":171,"fields":{"variant":76,"assignment":3,"values":[24]}},{"model":"product.product","pk":77,"fields":{"private_metadata":{},"metadata":{"vatlayer.code":"standard","vatlayer.description":"standard"},"description_plaintext":"Month Ticket","seo_title":"","seo_description":"Month Ticket - ICE - HCI","description":{"blocks":[{"data":{"text":"Month Ticket"},"type":"paragraph"}]},"product_type":7,"name":"Month Ticket - ICE - HCI","slug":"month-ticket-ice-hci","category":7,"updated_at":"2020-04-17T14:22:48.130Z","charge_taxes":true,"weight":"0.0:kg"}},{"model":"product.productvariant","pk":77,"fields":{"private_metadata":{},"metadata":{},"sku":"177","name":"Month","product":77,"track_inventory":false,"weight":"1.0:kg","default":true}},{"model":"product.productchannellisting","pk":77,"fields":{"publication_date":"2020-01-01","is_published":true,"product":77,"channel":"EUR","visible_in_listings":true,"available_for_purchase":"2020-08-31","discounted_price_amount":"49.000","currency":"EUR"}},{"model":"product.productvariantchannellisting","pk":77,"fields":{"variant":77,"channel":"EUR","currency":"EUR","price_amount":"49.000","cost_price_amount":"49.000"}},{"model":"attribute.assignedproductattribute","pk":172,"fields":{"product":77,"assignment":1,"values":[3]}},{"model":"attribute.assignedvariantattribute","pk":172,"fields":{"variant":77,"assignment":1,"values":[3]}},{"model":"attribute.assignedproductattribute","pk":173,"fields":{"product":77,"assignment":2,"values":[33]}},{"model":"attribute.assignedvariantattribute","pk":173,"fields":{"variant":77,"assignment":2,"values":[33]}},{"model":"attribute.assignedproductattribute","pk":174,"fields":{"product":77,"assignment":3,"values":[25]}},{"model":"attribute.assignedvariantattribute","pk":174,"fields":{"variant":77,"assignment":3,"values":[25]}},{"model":"product.product","pk":78,"fields":{"private_metadata":{},"metadata":{"vatlayer.code":"standard","vatlayer.description":"standard"},"description_plaintext":"Month Ticket","seo_title":"","seo_description":"Month Ticket - ICE - G99","description":{"blocks":[{"data":{"text":"Month Ticket"},"type":"paragraph"}]},"product_type":7,"name":"Month Ticket - ICE - G99","slug":"month-ticket-ice-g99","category":7,"updated_at":"2020-04-17T14:22:48.130Z","charge_taxes":true,"weight":"0.0:kg"}},{"model":"product.productvariant","pk":78,"fields":{"private_metadata":{},"metadata":{},"sku":"178","name":"Month","product":78,"track_inventory":false,"weight":"1.0:kg","default":true}},{"model":"product.productchannellisting","pk":78,"fields":{"publication_date":"2020-01-01","is_published":true,"product":78,"channel":"EUR","visible_in_listings":true,"available_for_purchase":"2020-08-31","discounted_price_amount":"49.000","currency":"EUR"}},{"model":"product.productvariantchannellisting","pk":78,"fields":{"variant":78,"channel":"EUR","currency":"EUR","price_amount":"49.000","cost_price_amount":"49.000"}},{"model":"attribute.assignedproductattribute","pk":175,"fields":{"product":78,"assignment":1,"values":[3]}},{"model":"attribute.assignedvariantattribute","pk":175,"fields":{"variant":78,"assignment":1,"values":[3]}},{"model":"attribute.assignedproductattribute","pk":176,"fields":{"product":78,"assignment":2,"values":[33]}},{"model":"attribute.assignedvariantattribute","pk":176,"fields":{"variant":78,"assignment":2,"values":[33]}},{"model":"attribute.assignedproductattribute","pk":177,"fields":{"product":78,"assignment":3,"values":[26]}},{"model":"attribute.assignedvariantattribute","pk":177,"fields":{"variant":78,"assignment":3,"values":[26]}},{"model":"product.product","pk":79,"fields":{"private_metadata":{},"metadata":{"vatlayer.code":"standard","vatlayer.description":"standard"},"description_plaintext":"Month Ticket","seo_title":"","seo_description":"Month Ticket - ICE - VIC","description":{"blocks":[{"data":{"text":"Month Ticket"},"type":"paragraph"}]},"product_type":7,"name":"Month Ticket - ICE - VIC","slug":"month-ticket-ice-vic","category":7,"updated_at":"2020-04-17T14:22:48.130Z","charge_taxes":true,"weight":"0.0:kg"}},{"model":"product.productvariant","pk":79,"fields":{"private_metadata":{},"metadata":{},"sku":"179","name":"Month","product":79,"track_inventory":false,"weight":"1.0:kg","default":true}},{"model":"product.productchannellisting","pk":79,"fields":{"publication_date":"2020-01-01","is_published":true,"product":79,"channel":"EUR","visible_in_listings":true,"available_for_purchase":"2020-08-31","discounted_price_amount":"49.000","currency":"EUR"}},{"model":"product.productvariantchannellisting","pk":79,"fields":{"variant":79,"channel":"EUR","currency":"EUR","price_amount":"49.000","cost_price_amount":"49.000"}},{"model":"attribute.assignedproductattribute","pk":178,"fields":{"product":79,"assignment":1,"values":[3]}},{"model":"attribute.assignedvariantattribute","pk":178,"fields":{"variant":79,"assignment":1,"values":[3]}},{"model":"attribute.assignedproductattribute","pk":179,"fields":{"product":79,"assignment":2,"values":[33]}},{"model":"attribute.assignedvariantattribute","pk":179,"fields":{"variant":79,"assignment":2,"values":[33]}},{"model":"attribute.assignedproductattribute","pk":180,"fields":{"product":79,"assignment":3,"values":[27]}},{"model":"attribute.assignedvariantattribute","pk":180,"fields":{"variant":79,"assignment":3,"values":[27]}},{"model":"product.product","pk":80,"fields":{"private_metadata":{},"metadata":{"vatlayer.code":"standard","vatlayer.description":"standard"},"description_plaintext":"Month Ticket","seo_title":"","seo_description":"Month Ticket - ICE - RBS","description":{"blocks":[{"data":{"text":"Month Ticket"},"type":"paragraph"}]},"product_type":7,"name":"Month Ticket - ICE - RBS","slug":"month-ticket-ice-rbs","category":7,"updated_at":"2020-04-17T14:22:48.130Z","charge_taxes":true,"weight":"0.0:kg"}},{"model":"product.productvariant","pk":80,"fields":{"private_metadata":{},"metadata":{},"sku":"180","name":"Month","product":80,"track_inventory":false,"weight":"1.0:kg","default":true}},{"model":"product.productchannellisting","pk":80,"fields":{"publication_date":"2020-01-01","is_published":true,"product":80,"channel":"EUR","visible_in_listings":true,"available_for_purchase":"2020-08-31","discounted_price_amount":"49.000","currency":"EUR"}},{"model":"product.productvariantchannellisting","pk":80,"fields":{"variant":80,"channel":"EUR","currency":"EUR","price_amount":"49.000","cost_price_amount":"49.000"}},{"model":"attribute.assignedproductattribute","pk":181,"fields":{"product":80,"assignment":1,"values":[3]}},{"model":"attribute.assignedvariantattribute","pk":181,"fields":{"variant":80,"assignment":1,"values":[3]}},{"model":"attribute.assignedproductattribute","pk":182,"fields":{"product":80,"assignment":2,"values":[33]}},{"model":"attribute.assignedvariantattribute","pk":182,"fields":{"variant":80,"assignment":2,"values":[33]}},{"model":"attribute.assignedproductattribute","pk":183,"fields":{"product":80,"assignment":3,"values":[28]}},{"model":"attribute.assignedvariantattribute","pk":183,"fields":{"variant":80,"assignment":3,"values":[28]}},{"model":"product.product","pk":81,"fields":{"private_metadata":{},"metadata":{"vatlayer.code":"standard","vatlayer.description":"standard"},"description_plaintext":"Month Ticket","seo_title":"","seo_description":"Month Ticket - ICE - KAC","description":{"blocks":[{"data":{"text":"Month Ticket"},"type":"paragraph"}]},"product_type":7,"name":"Month Ticket - ICE - KAC","slug":"month-ticket-ice-kac","category":7,"updated_at":"2020-04-17T14:22:48.130Z","charge_taxes":true,"weight":"0.0:kg"}},{"model":"product.productvariant","pk":81,"fields":{"private_metadata":{},"metadata":{},"sku":"181","name":"Month","product":81,"track_inventory":false,"weight":"1.0:kg","default":true}},{"model":"product.productchannellisting","pk":81,"fields":{"publication_date":"2020-01-01","is_published":true,"product":81,"channel":"EUR","visible_in_listings":true,"available_for_purchase":"2020-08-31","discounted_price_amount":"49.000","currency":"EUR"}},{"model":"product.productvariantchannellisting","pk":81,"fields":{"variant":81,"channel":"EUR","currency":"EUR","price_amount":"49.000","cost_price_amount":"49.000"}},{"model":"attribute.assignedproductattribute","pk":184,"fields":{"product":81,"assignment":1,"values":[3]}},{"model":"attribute.assignedvariantattribute","pk":184,"fields":{"variant":81,"assignment":1,"values":[3]}},{"model":"attribute.assignedproductattribute","pk":185,"fields":{"product":81,"assignment":2,"values":[33]}},{"model":"attribute.assignedvariantattribute","pk":185,"fields":{"variant":81,"assignment":2,"values":[33]}},{"model":"attribute.assignedproductattribute","pk":186,"fields":{"product":81,"assignment":3,"values":[29]}},{"model":"attribute.assignedvariantattribute","pk":186,"fields":{"variant":81,"assignment":3,"values":[29]}},{"model":"product.product","pk":82,"fields":{"private_metadata":{},"metadata":{"vatlayer.code":"standard","vatlayer.description":"standard"},"description_plaintext":"Month Ticket","seo_title":"","seo_description":"Month Ticket - ICE - DEC","description":{"blocks":[{"data":{"text":"Month Ticket"},"type":"paragraph"}]},"product_type":7,"name":"Month Ticket - ICE - DEC","slug":"month-ticket-ice-dec","category":7,"updated_at":"2020-04-17T14:22:48.130Z","charge_taxes":true,"weight":"0.0:kg"}},{"model":"product.productvariant","pk":82,"fields":{"private_metadata":{},"metadata":{},"sku":"182","name":"Month","product":82,"track_inventory":false,"weight":"1.0:kg","default":true}},{"model":"product.productchannellisting","pk":82,"fields":{"publication_date":"2020-01-01","is_published":true,"product":82,"channel":"EUR","visible_in_listings":true,"available_for_purchase":"2020-08-31","discounted_price_amount":"49.000","currency":"EUR"}},{"model":"product.productvariantchannellisting","pk":82,"fields":{"variant":82,"channel":"EUR","currency":"EUR","price_amount":"49.000","cost_price_amount":"49.000"}},{"model":"attribute.assignedproductattribute","pk":187,"fields":{"product":82,"assignment":1,"values":[3]}},{"model":"attribute.assignedvariantattribute","pk":187,"fields":{"variant":82,"assignment":1,"values":[3]}},{"model":"attribute.assignedproductattribute","pk":188,"fields":{"product":82,"assignment":2,"values":[33]}},{"model":"attribute.assignedvariantattribute","pk":188,"fields":{"variant":82,"assignment":2,"values":[33]}},{"model":"attribute.assignedproductattribute","pk":189,"fields":{"product":82,"assignment":3,"values":[30]}},{"model":"attribute.assignedvariantattribute","pk":189,"fields":{"variant":82,"assignment":3,"values":[30]}},{"model":"product.product","pk":83,"fields":{"private_metadata":{},"metadata":{"vatlayer.code":"standard","vatlayer.description":"standard"},"description_plaintext":"Month Ticket","seo_title":"","seo_description":"Month Ticket - ICE - AVS","description":{"blocks":[{"data":{"text":"Month Ticket"},"type":"paragraph"}]},"product_type":7,"name":"Month Ticket - ICE - AVS","slug":"month-ticket-ice-avs","category":7,"updated_at":"2020-04-17T14:22:48.130Z","charge_taxes":true,"weight":"0.0:kg"}},{"model":"product.productvariant","pk":83,"fields":{"private_metadata":{},"metadata":{},"sku":"183","name":"Month","product":83,"track_inventory":false,"weight":"1.0:kg","default":true}},{"model":"product.productchannellisting","pk":83,"fields":{"publication_date":"2020-01-01","is_published":true,"product":83,"channel":"EUR","visible_in_listings":true,"available_for_purchase":"2020-08-31","discounted_price_amount":"49.000","currency":"EUR"}},{"model":"product.productvariantchannellisting","pk":83,"fields":{"variant":83,"channel":"EUR","currency":"EUR","price_amount":"49.000","cost_price_amount":"49.000"}},{"model":"attribute.assignedproductattribute","pk":190,"fields":{"product":83,"assignment":1,"values":[3]}},{"model":"attribute.assignedvariantattribute","pk":190,"fields":{"variant":83,"assignment":1,"values":[3]}},{"model":"attribute.assignedproductattribute","pk":191,"fields":{"product":83,"assignment":2,"values":[33]}},{"model":"attribute.assignedvariantattribute","pk":191,"fields":{"variant":83,"assignment":2,"values":[33]}},{"model":"attribute.assignedproductattribute","pk":192,"fields":{"product":83,"assignment":3,"values":[31]}},{"model":"attribute.assignedvariantattribute","pk":192,"fields":{"variant":83,"assignment":3,"values":[31]}},{"model":"product.product","pk":84,"fields":{"private_metadata":{},"metadata":{"vatlayer.code":"standard","vatlayer.description":"standard"},"description_plaintext":"Month Ticket","seo_title":"","seo_description":"Month Ticket - ICE - BRC","description":{"blocks":[{"data":{"text":"Month Ticket"},"type":"paragraph"}]},"product_type":7,"name":"Month Ticket - ICE - BRC","slug":"month-ticket-ice-brc","category":7,"updated_at":"2020-04-17T14:22:48.130Z","charge_taxes":true,"weight":"0.0:kg"}},{"model":"product.productvariant","pk":84,"fields":{"private_metadata":{},"metadata":{},"sku":"184","name":"Month","product":84,"track_inventory":false,"weight":"1.0:kg","default":true}},{"model":"product.productchannellisting","pk":84,"fields":{"publication_date":"2020-01-01","is_published":true,"product":84,"channel":"EUR","visible_in_listings":true,"available_for_purchase":"2020-08-31","discounted_price_amount":"49.000","currency":"EUR"}},{"model":"product.productvariantchannellisting","pk":84,"fields":{"variant":84,"channel":"EUR","currency":"EUR","price_amount":"49.000","cost_price_amount":"49.000"}},{"model":"attribute.assignedproductattribute","pk":193,"fields":{"product":84,"assignment":1,"values":[3]}},{"model":"attribute.assignedvariantattribute","pk":193,"fields":{"variant":84,"assignment":1,"values":[3]}},{"model":"attribute.assignedproductattribute","pk":194,"fields":{"product":84,"assignment":2,"values":[33]}},{"model":"attribute.assignedvariantattribute","pk":194,"fields":{"variant":84,"assignment":2,"values":[33]}},{"model":"attribute.assignedproductattribute","pk":195,"fields":{"product":84,"assignment":3,"values":[32]}},{"model":"attribute.assignedvariantattribute","pk":195,"fields":{"variant":84,"assignment":3,"values":[32]}},{"model":"product.product","pk":85,"fields":{"private_metadata":{},"metadata":{"vatlayer.code":"standard","vatlayer.description":"standard"},"description_plaintext":"Month Ticket","seo_title":"","seo_description":"Month Ticket - ICE","description":{"blocks":[{"data":{"text":"Month Ticket"},"type":"paragraph"}]},"product_type":7,"name":"Month Ticket - ICE","slug":"month-ticket-ice","category":7,"updated_at":"2020-04-17T14:22:48.130Z","charge_taxes":true,"weight":"0.0:kg"}},{"model":"product.productvariant","pk":85,"fields":{"private_metadata":{},"metadata":{},"sku":"185","name":"Month","product":85,"track_inventory":false,"weight":"1.0:kg","default":true}},{"model":"product.productchannellisting","pk":85,"fields":{"publication_date":"2020-01-01","is_published":true,"product":85,"channel":"EUR","visible_in_listings":true,"available_for_purchase":"2020-08-31","discounted_price_amount":"89.000","currency":"EUR"}},{"model":"product.productvariantchannellisting","pk":85,"fields":{"variant":85,"channel":"EUR","currency":"EUR","price_amount":"89.000","cost_price_amount":"89.000"}},{"model":"attribute.assignedproductattribute","pk":196,"fields":{"product":85,"assignment":1,"values":[3]}},{"model":"attribute.assignedvariantattribute","pk":196,"fields":{"variant":85,"assignment":1,"values":[3]}},{"model":"attribute.assignedproductattribute","pk":197,"fields":{"product":85,"assignment":2,"values":[33]}},{"model":"attribute.assignedvariantattribute","pk":197,"fields":{"variant":85,"assignment":2,"values":[33]}},{"model":"attribute.assignedproductattribute","pk":198,"fields":{"product":85,"assignment":3,"values":[5]}},{"model":"attribute.assignedvariantattribute","pk":198,"fields":{"variant":85,"assignment":3,"values":[5]}},{"model":"product.product","pk":86,"fields":{"private_metadata":{},"metadata":{"vatlayer.code":"standard","vatlayer.description":"standard"},"description_plaintext":"Month Ticket","seo_title":"","seo_description":"Month Ticket - AHL - ASH","description":{"blocks":[{"data":{"text":"Month Ticket"},"type":"paragraph"}]},"product_type":7,"name":"Month Ticket - AHL - ASH","slug":"month-ticket-ahl-ash","category":7,"updated_at":"2020-04-17T14:22:48.130Z","charge_taxes":true,"weight":"0.0:kg"}},{"model":"product.productvariant","pk":86,"fields":{"private_metadata":{},"metadata":{},"sku":"186","name":"Month","product":86,"track_inventory":false,"weight":"1.0:kg","default":true}},{"model":"product.productchannellisting","pk":86,"fields":{"publication_date":"2020-01-01","is_published":true,"product":86,"channel":"EUR","visible_in_listings":true,"available_for_purchase":"2020-08-31","discounted_price_amount":"49.000","currency":"EUR"}},{"model":"product.productvariantchannellisting","pk":86,"fields":{"variant":86,"channel":"EUR","currency":"EUR","price_amount":"49.000","cost_price_amount":"49.000"}},{"model":"attribute.assignedproductattribute","pk":199,"fields":{"product":86,"assignment":1,"values":[3]}},{"model":"attribute.assignedvariantattribute","pk":199,"fields":{"variant":86,"assignment":1,"values":[3]}},{"model":"attribute.assignedproductattribute","pk":200,"fields":{"product":86,"assignment":2,"values":[34]}},{"model":"attribute.assignedvariantattribute","pk":200,"fields":{"variant":86,"assignment":2,"values":[34]}},{"model":"attribute.assignedproductattribute","pk":201,"fields":{"product":86,"assignment":3,"values":[6]}},{"model":"attribute.assignedvariantattribute","pk":201,"fields":{"variant":86,"assignment":3,"values":[6]}},{"model":"product.product","pk":87,"fields":{"private_metadata":{},"metadata":{"vatlayer.code":"standard","vatlayer.description":"standard"},"description_plaintext":"Month Ticket","seo_title":"","seo_description":"Month Ticket - AHL - ECB","description":{"blocks":[{"data":{"text":"Month Ticket"},"type":"paragraph"}]},"product_type":7,"name":"Month Ticket - AHL - ECB","slug":"month-ticket-ahl-ecb","category":7,"updated_at":"2020-04-17T14:22:48.130Z","charge_taxes":true,"weight":"0.0:kg"}},{"model":"product.productvariant","pk":87,"fields":{"private_metadata":{},"metadata":{},"sku":"187","name":"Month","product":87,"track_inventory":false,"weight":"1.0:kg","default":true}},{"model":"product.productchannellisting","pk":87,"fields":{"publication_date":"2020-01-01","is_published":true,"product":87,"channel":"EUR","visible_in_listings":true,"available_for_purchase":"2020-08-31","discounted_price_amount":"49.000","currency":"EUR"}},{"model":"product.productvariantchannellisting","pk":87,"fields":{"variant":87,"channel":"EUR","currency":"EUR","price_amount":"49.000","cost_price_amount":"49.000"}},{"model":"attribute.assignedproductattribute","pk":202,"fields":{"product":87,"assignment":1,"values":[3]}},{"model":"attribute.assignedvariantattribute","pk":202,"fields":{"variant":87,"assignment":1,"values":[3]}},{"model":"attribute.assignedproductattribute","pk":203,"fields":{"product":87,"assignment":2,"values":[34]}},{"model":"attribute.assignedvariantattribute","pk":203,"fields":{"variant":87,"assignment":2,"values":[34]}},{"model":"attribute.assignedproductattribute","pk":204,"fields":{"product":87,"assignment":3,"values":[7]}},{"model":"attribute.assignedvariantattribute","pk":204,"fields":{"variant":87,"assignment":3,"values":[7]}},{"model":"product.product","pk":88,"fields":{"private_metadata":{},"metadata":{"vatlayer.code":"standard","vatlayer.description":"standard"},"description_plaintext":"Month Ticket","seo_title":"","seo_description":"Month Ticket - AHL - EHC","description":{"blocks":[{"data":{"text":"Month Ticket"},"type":"paragraph"}]},"product_type":7,"name":"Month Ticket - AHL - EHC","slug":"month-ticket-ahl-ehc","category":7,"updated_at":"2020-04-17T14:22:48.130Z","charge_taxes":true,"weight":"0.0:kg"}},{"model":"product.productvariant","pk":88,"fields":{"private_metadata":{},"metadata":{},"sku":"188","name":"Month","product":88,"track_inventory":false,"weight":"1.0:kg","default":true}},{"model":"product.productchannellisting","pk":88,"fields":{"publication_date":"2020-01-01","is_published":true,"product":88,"channel":"EUR","visible_in_listings":true,"available_for_purchase":"2020-08-31","discounted_price_amount":"49.000","currency":"EUR"}},{"model":"product.productvariantchannellisting","pk":88,"fields":{"variant":88,"channel":"EUR","currency":"EUR","price_amount":"49.000","cost_price_amount":"49.000"}},{"model":"attribute.assignedproductattribute","pk":205,"fields":{"product":88,"assignment":1,"values":[3]}},{"model":"attribute.assignedvariantattribute","pk":205,"fields":{"variant":88,"assignment":1,"values":[3]}},{"model":"attribute.assignedproductattribute","pk":206,"fields":{"product":88,"assignment":2,"values":[34]}},{"model":"attribute.assignedvariantattribute","pk":206,"fields":{"variant":88,"assignment":2,"values":[34]}},{"model":"attribute.assignedproductattribute","pk":207,"fields":{"product":88,"assignment":3,"values":[8]}},{"model":"attribute.assignedvariantattribute","pk":207,"fields":{"variant":88,"assignment":3,"values":[8]}},{"model":"product.product","pk":89,"fields":{"private_metadata":{},"metadata":{"vatlayer.code":"standard","vatlayer.description":"standard"},"description_plaintext":"Month Ticket","seo_title":"","seo_description":"Month Ticket - AHL - FAS","description":{"blocks":[{"data":{"text":"Month Ticket"},"type":"paragraph"}]},"product_type":7,"name":"Month Ticket - AHL - FAS","slug":"month-ticket-ahl-fas","category":7,"updated_at":"2020-04-17T14:22:48.130Z","charge_taxes":true,"weight":"0.0:kg"}},{"model":"product.productvariant","pk":89,"fields":{"private_metadata":{},"metadata":{},"sku":"189","name":"Month","product":89,"track_inventory":false,"weight":"1.0:kg","default":true}},{"model":"product.productchannellisting","pk":89,"fields":{"publication_date":"2020-01-01","is_published":true,"product":89,"channel":"EUR","visible_in_listings":true,"available_for_purchase":"2020-08-31","discounted_price_amount":"49.000","currency":"EUR"}},{"model":"product.productvariantchannellisting","pk":89,"fields":{"variant":89,"channel":"EUR","currency":"EUR","price_amount":"49.000","cost_price_amount":"49.000"}},{"model":"attribute.assignedproductattribute","pk":208,"fields":{"product":89,"assignment":1,"values":[3]}},{"model":"attribute.assignedvariantattribute","pk":208,"fields":{"variant":89,"assignment":1,"values":[3]}},{"model":"attribute.assignedproductattribute","pk":209,"fields":{"product":89,"assignment":2,"values":[34]}},{"model":"attribute.assignedvariantattribute","pk":209,"fields":{"variant":89,"assignment":2,"values":[34]}},{"model":"attribute.assignedproductattribute","pk":210,"fields":{"product":89,"assignment":3,"values":[9]}},{"model":"attribute.assignedvariantattribute","pk":210,"fields":{"variant":89,"assignment":3,"values":[9]}},{"model":"product.product","pk":90,"fields":{"private_metadata":{},"metadata":{"vatlayer.code":"standard","vatlayer.description":"standard"},"description_plaintext":"Month Ticket","seo_title":"","seo_description":"Month Ticket - AHL - GHE","description":{"blocks":[{"data":{"text":"Month Ticket"},"type":"paragraph"}]},"product_type":7,"name":"Month Ticket - AHL - GHE","slug":"month-ticket-ahl-ghe","category":7,"updated_at":"2020-04-17T14:22:48.130Z","charge_taxes":true,"weight":"0.0:kg"}},{"model":"product.productvariant","pk":90,"fields":{"private_metadata":{},"metadata":{},"sku":"190","name":"Month","product":90,"track_inventory":false,"weight":"1.0:kg","default":true}},{"model":"product.productchannellisting","pk":90,"fields":{"publication_date":"2020-01-01","is_published":true,"product":90,"channel":"EUR","visible_in_listings":true,"available_for_purchase":"2020-08-31","discounted_price_amount":"49.000","currency":"EUR"}},{"model":"product.productvariantchannellisting","pk":90,"fields":{"variant":90,"channel":"EUR","currency":"EUR","price_amount":"49.000","cost_price_amount":"49.000"}},{"model":"attribute.assignedproductattribute","pk":211,"fields":{"product":90,"assignment":1,"values":[3]}},{"model":"attribute.assignedvariantattribute","pk":211,"fields":{"variant":90,"assignment":1,"values":[3]}},{"model":"attribute.assignedproductattribute","pk":212,"fields":{"product":90,"assignment":2,"values":[34]}},{"model":"attribute.assignedvariantattribute","pk":212,"fields":{"variant":90,"assignment":2,"values":[34]}},{"model":"attribute.assignedproductattribute","pk":213,"fields":{"product":90,"assignment":3,"values":[10]}},{"model":"attribute.assignedvariantattribute","pk":213,"fields":{"variant":90,"assignment":3,"values":[10]}},{"model":"product.product","pk":91,"fields":{"private_metadata":{},"metadata":{"vatlayer.code":"standard","vatlayer.description":"standard"},"description_plaintext":"Month Ticket","seo_title":"","seo_description":"Month Ticket - AHL - JES","description":{"blocks":[{"data":{"text":"Month Ticket"},"type":"paragraph"}]},"product_type":7,"name":"Month Ticket - AHL - JES","slug":"month-ticket-ahl-jes","category":7,"updated_at":"2020-04-17T14:22:48.130Z","charge_taxes":true,"weight":"0.0:kg"}},{"model":"product.productvariant","pk":91,"fields":{"private_metadata":{},"metadata":{},"sku":"191","name":"Month","product":91,"track_inventory":false,"weight":"1.0:kg","default":true}},{"model":"product.productchannellisting","pk":91,"fields":{"publication_date":"2020-01-01","is_published":true,"product":91,"channel":"EUR","visible_in_listings":true,"available_for_purchase":"2020-08-31","discounted_price_amount":"49.000","currency":"EUR"}},{"model":"product.productvariantchannellisting","pk":91,"fields":{"variant":91,"channel":"EUR","currency":"EUR","price_amount":"49.000","cost_price_amount":"49.000"}},{"model":"attribute.assignedproductattribute","pk":214,"fields":{"product":91,"assignment":1,"values":[3]}},{"model":"attribute.assignedvariantattribute","pk":214,"fields":{"variant":91,"assignment":1,"values":[3]}},{"model":"attribute.assignedproductattribute","pk":215,"fields":{"product":91,"assignment":2,"values":[34]}},{"model":"attribute.assignedvariantattribute","pk":215,"fields":{"variant":91,"assignment":2,"values":[34]}},{"model":"attribute.assignedproductattribute","pk":216,"fields":{"product":91,"assignment":3,"values":[11]}},{"model":"attribute.assignedvariantattribute","pk":216,"fields":{"variant":91,"assignment":3,"values":[11]}},{"model":"product.product","pk":92,"fields":{"private_metadata":{},"metadata":{"vatlayer.code":"standard","vatlayer.description":"standard"},"description_plaintext":"Month Ticket","seo_title":"","seo_description":"Month Ticket - AHL - SWL","description":{"blocks":[{"data":{"text":"Month Ticket"},"type":"paragraph"}]},"product_type":7,"name":"Month Ticket - AHL - SWL","slug":"month-ticket-ahl-swl","category":7,"updated_at":"2020-04-17T14:22:48.130Z","charge_taxes":true,"weight":"0.0:kg"}},{"model":"product.productvariant","pk":92,"fields":{"private_metadata":{},"metadata":{},"sku":"192","name":"Month","product":92,"track_inventory":false,"weight":"1.0:kg","default":true}},{"model":"product.productchannellisting","pk":92,"fields":{"publication_date":"2020-01-01","is_published":true,"product":92,"channel":"EUR","visible_in_listings":true,"available_for_purchase":"2020-08-31","discounted_price_amount":"49.000","currency":"EUR"}},{"model":"product.productvariantchannellisting","pk":92,"fields":{"variant":92,"channel":"EUR","currency":"EUR","price_amount":"49.000","cost_price_amount":"49.000"}},{"model":"attribute.assignedproductattribute","pk":217,"fields":{"product":92,"assignment":1,"values":[3]}},{"model":"attribute.assignedvariantattribute","pk":217,"fields":{"variant":92,"assignment":1,"values":[3]}},{"model":"attribute.assignedproductattribute","pk":218,"fields":{"product":92,"assignment":2,"values":[34]}},{"model":"attribute.assignedvariantattribute","pk":218,"fields":{"variant":92,"assignment":2,"values":[34]}},{"model":"attribute.assignedproductattribute","pk":219,"fields":{"product":92,"assignment":3,"values":[12]}},{"model":"attribute.assignedvariantattribute","pk":219,"fields":{"variant":92,"assignment":3,"values":[12]}},{"model":"product.product","pk":93,"fields":{"private_metadata":{},"metadata":{"vatlayer.code":"standard","vatlayer.description":"standard"},"description_plaintext":"Month Ticket","seo_title":"","seo_description":"Month Ticket - AHL - KA2","description":{"blocks":[{"data":{"text":"Month Ticket"},"type":"paragraph"}]},"product_type":7,"name":"Month Ticket - AHL - KA2","slug":"month-ticket-ahl-ka2","category":7,"updated_at":"2020-04-17T14:22:48.130Z","charge_taxes":true,"weight":"0.0:kg"}},{"model":"product.productvariant","pk":93,"fields":{"private_metadata":{},"metadata":{},"sku":"193","name":"Month","product":93,"track_inventory":false,"weight":"1.0:kg","default":true}},{"model":"product.productchannellisting","pk":93,"fields":{"publication_date":"2020-01-01","is_published":true,"product":93,"channel":"EUR","visible_in_listings":true,"available_for_purchase":"2020-08-31","discounted_price_amount":"49.000","currency":"EUR"}},{"model":"product.productvariantchannellisting","pk":93,"fields":{"variant":93,"channel":"EUR","currency":"EUR","price_amount":"49.000","cost_price_amount":"49.000"}},{"model":"attribute.assignedproductattribute","pk":220,"fields":{"product":93,"assignment":1,"values":[3]}},{"model":"attribute.assignedvariantattribute","pk":220,"fields":{"variant":93,"assignment":1,"values":[3]}},{"model":"attribute.assignedproductattribute","pk":221,"fields":{"product":93,"assignment":2,"values":[34]}},{"model":"attribute.assignedvariantattribute","pk":221,"fields":{"variant":93,"assignment":2,"values":[34]}},{"model":"attribute.assignedproductattribute","pk":222,"fields":{"product":93,"assignment":3,"values":[13]}},{"model":"attribute.assignedvariantattribute","pk":222,"fields":{"variant":93,"assignment":3,"values":[13]}},{"model":"product.product","pk":94,"fields":{"private_metadata":{},"metadata":{"vatlayer.code":"standard","vatlayer.description":"standard"},"description_plaintext":"Month Ticket","seo_title":"","seo_description":"Month Ticket - AHL - KEC","description":{"blocks":[{"data":{"text":"Month Ticket"},"type":"paragraph"}]},"product_type":7,"name":"Month Ticket - AHL - KEC","slug":"month-ticket-ahl-kec","category":7,"updated_at":"2020-04-17T14:22:48.130Z","charge_taxes":true,"weight":"0.0:kg"}},{"model":"product.productvariant","pk":94,"fields":{"private_metadata":{},"metadata":{},"sku":"194","name":"Month","product":94,"track_inventory":false,"weight":"1.0:kg","default":true}},{"model":"product.productchannellisting","pk":94,"fields":{"publication_date":"2020-01-01","is_published":true,"product":94,"channel":"EUR","visible_in_listings":true,"available_for_purchase":"2020-08-31","discounted_price_amount":"49.000","currency":"EUR"}},{"model":"product.productvariantchannellisting","pk":94,"fields":{"variant":94,"channel":"EUR","currency":"EUR","price_amount":"49.000","cost_price_amount":"49.000"}},{"model":"attribute.assignedproductattribute","pk":223,"fields":{"product":94,"assignment":1,"values":[3]}},{"model":"attribute.assignedvariantattribute","pk":223,"fields":{"variant":94,"assignment":1,"values":[3]}},{"model":"attribute.assignedproductattribute","pk":224,"fields":{"product":94,"assignment":2,"values":[34]}},{"model":"attribute.assignedvariantattribute","pk":224,"fields":{"variant":94,"assignment":2,"values":[34]}},{"model":"attribute.assignedproductattribute","pk":225,"fields":{"product":94,"assignment":3,"values":[14]}},{"model":"attribute.assignedvariantattribute","pk":225,"fields":{"variant":94,"assignment":3,"values":[14]}},{"model":"product.product","pk":95,"fields":{"private_metadata":{},"metadata":{"vatlayer.code":"standard","vatlayer.description":"standard"},"description_plaintext":"Month Ticket","seo_title":"","seo_description":"Month Ticket - AHL - PUS","description":{"blocks":[{"data":{"text":"Month Ticket"},"type":"paragraph"}]},"product_type":7,"name":"Month Ticket - AHL - PUS","slug":"month-ticket-ahl-pus","category":7,"updated_at":"2020-04-17T14:22:48.130Z","charge_taxes":true,"weight":"0.0:kg"}},{"model":"product.productvariant","pk":95,"fields":{"private_metadata":{},"metadata":{},"sku":"195","name":"Month","product":95,"track_inventory":false,"weight":"1.0:kg","default":true}},{"model":"product.productchannellisting","pk":95,"fields":{"publication_date":"2020-01-01","is_published":true,"product":95,"channel":"EUR","visible_in_listings":true,"available_for_purchase":"2020-08-31","discounted_price_amount":"49.000","currency":"EUR"}},{"model":"product.productvariantchannellisting","pk":95,"fields":{"variant":95,"channel":"EUR","currency":"EUR","price_amount":"49.000","cost_price_amount":"49.000"}},{"model":"attribute.assignedproductattribute","pk":226,"fields":{"product":95,"assignment":1,"values":[3]}},{"model":"attribute.assignedvariantattribute","pk":226,"fields":{"variant":95,"assignment":1,"values":[3]}},{"model":"attribute.assignedproductattribute","pk":227,"fields":{"product":95,"assignment":2,"values":[34]}},{"model":"attribute.assignedvariantattribute","pk":227,"fields":{"variant":95,"assignment":2,"values":[34]}},{"model":"attribute.assignedproductattribute","pk":228,"fields":{"product":95,"assignment":3,"values":[15]}},{"model":"attribute.assignedvariantattribute","pk":228,"fields":{"variant":95,"assignment":3,"values":[15]}},{"model":"product.product","pk":96,"fields":{"private_metadata":{},"metadata":{"vatlayer.code":"standard","vatlayer.description":"standard"},"description_plaintext":"Month Ticket","seo_title":"","seo_description":"Month Ticket - AHL - RBJ","description":{"blocks":[{"data":{"text":"Month Ticket"},"type":"paragraph"}]},"product_type":7,"name":"Month Ticket - AHL - RBJ","slug":"month-ticket-ahl-rbj","category":7,"updated_at":"2020-04-17T14:22:48.130Z","charge_taxes":true,"weight":"0.0:kg"}},{"model":"product.productvariant","pk":96,"fields":{"private_metadata":{},"metadata":{},"sku":"196","name":"Month","product":96,"track_inventory":false,"weight":"1.0:kg","default":true}},{"model":"product.productchannellisting","pk":96,"fields":{"publication_date":"2020-01-01","is_published":true,"product":96,"channel":"EUR","visible_in_listings":true,"available_for_purchase":"2020-08-31","discounted_price_amount":"49.000","currency":"EUR"}},{"model":"product.productvariantchannellisting","pk":96,"fields":{"variant":96,"channel":"EUR","currency":"EUR","price_amount":"49.000","cost_price_amount":"49.000"}},{"model":"attribute.assignedproductattribute","pk":229,"fields":{"product":96,"assignment":1,"values":[3]}},{"model":"attribute.assignedvariantattribute","pk":229,"fields":{"variant":96,"assignment":1,"values":[3]}},{"model":"attribute.assignedproductattribute","pk":230,"fields":{"product":96,"assignment":2,"values":[34]}},{"model":"attribute.assignedvariantattribute","pk":230,"fields":{"variant":96,"assignment":2,"values":[34]}},{"model":"attribute.assignedproductattribute","pk":231,"fields":{"product":96,"assignment":3,"values":[16]}},{"model":"attribute.assignedvariantattribute","pk":231,"fields":{"variant":96,"assignment":3,"values":[16]}},{"model":"product.product","pk":97,"fields":{"private_metadata":{},"metadata":{"vatlayer.code":"standard","vatlayer.description":"standard"},"description_plaintext":"Month Ticket","seo_title":"","seo_description":"Month Ticket - AHL - RIT","description":{"blocks":[{"data":{"text":"Month Ticket"},"type":"paragraph"}]},"product_type":7,"name":"Month Ticket - AHL - RIT","slug":"month-ticket-ahl-rit","category":7,"updated_at":"2020-04-17T14:22:48.130Z","charge_taxes":true,"weight":"0.0:kg"}},{"model":"product.productvariant","pk":97,"fields":{"private_metadata":{},"metadata":{},"sku":"197","name":"Month","product":97,"track_inventory":false,"weight":"1.0:kg","default":true}},{"model":"product.productchannellisting","pk":97,"fields":{"publication_date":"2020-01-01","is_published":true,"product":97,"channel":"EUR","visible_in_listings":true,"available_for_purchase":"2020-08-31","discounted_price_amount":"49.000","currency":"EUR"}},{"model":"product.productvariantchannellisting","pk":97,"fields":{"variant":97,"channel":"EUR","currency":"EUR","price_amount":"49.000","cost_price_amount":"49.000"}},{"model":"attribute.assignedproductattribute","pk":232,"fields":{"product":97,"assignment":1,"values":[3]}},{"model":"attribute.assignedvariantattribute","pk":232,"fields":{"variant":97,"assignment":1,"values":[3]}},{"model":"attribute.assignedproductattribute","pk":233,"fields":{"product":97,"assignment":2,"values":[34]}},{"model":"attribute.assignedvariantattribute","pk":233,"fields":{"variant":97,"assignment":2,"values":[34]}},{"model":"attribute.assignedproductattribute","pk":234,"fields":{"product":97,"assignment":3,"values":[17]}},{"model":"attribute.assignedvariantattribute","pk":234,"fields":{"variant":97,"assignment":3,"values":[17]}},{"model":"product.product","pk":98,"fields":{"private_metadata":{},"metadata":{"vatlayer.code":"standard","vatlayer.description":"standard"},"description_plaintext":"Month Ticket","seo_title":"","seo_description":"Month Ticket - AHL - SGC","description":{"blocks":[{"data":{"text":"Month Ticket"},"type":"paragraph"}]},"product_type":7,"name":"Month Ticket - AHL - SGC","slug":"month-ticket-ahl-sgc","category":7,"updated_at":"2020-04-17T14:22:48.130Z","charge_taxes":true,"weight":"0.0:kg"}},{"model":"product.productvariant","pk":98,"fields":{"private_metadata":{},"metadata":{},"sku":"198","name":"Month","product":98,"track_inventory":false,"weight":"1.0:kg","default":true}},{"model":"product.productchannellisting","pk":98,"fields":{"publication_date":"2020-01-01","is_published":true,"product":98,"channel":"EUR","visible_in_listings":true,"available_for_purchase":"2020-08-31","discounted_price_amount":"49.000","currency":"EUR"}},{"model":"product.productvariantchannellisting","pk":98,"fields":{"variant":98,"channel":"EUR","currency":"EUR","price_amount":"49.000","cost_price_amount":"49.000"}},{"model":"attribute.assignedproductattribute","pk":235,"fields":{"product":98,"assignment":1,"values":[3]}},{"model":"attribute.assignedvariantattribute","pk":235,"fields":{"variant":98,"assignment":1,"values":[3]}},{"model":"attribute.assignedproductattribute","pk":236,"fields":{"product":98,"assignment":2,"values":[34]}},{"model":"attribute.assignedvariantattribute","pk":236,"fields":{"variant":98,"assignment":2,"values":[34]}},{"model":"attribute.assignedproductattribute","pk":237,"fields":{"product":98,"assignment":3,"values":[18]}},{"model":"attribute.assignedvariantattribute","pk":237,"fields":{"variant":98,"assignment":3,"values":[18]}},{"model":"product.product","pk":99,"fields":{"private_metadata":{},"metadata":{"vatlayer.code":"standard","vatlayer.description":"standard"},"description_plaintext":"Month Ticket","seo_title":"","seo_description":"Month Ticket - AHL - VEU","description":{"blocks":[{"data":{"text":"Month Ticket"},"type":"paragraph"}]},"product_type":7,"name":"Month Ticket - AHL - VEU","slug":"month-ticket-ahl-veu","category":7,"updated_at":"2020-04-17T14:22:48.130Z","charge_taxes":true,"weight":"0.0:kg"}},{"model":"product.productvariant","pk":99,"fields":{"private_metadata":{},"metadata":{},"sku":"199","name":"Month","product":99,"track_inventory":false,"weight":"1.0:kg","default":true}},{"model":"product.productchannellisting","pk":99,"fields":{"publication_date":"2020-01-01","is_published":true,"product":99,"channel":"EUR","visible_in_listings":true,"available_for_purchase":"2020-08-31","discounted_price_amount":"49.000","currency":"EUR"}},{"model":"product.productvariantchannellisting","pk":99,"fields":{"variant":99,"channel":"EUR","currency":"EUR","price_amount":"49.000","cost_price_amount":"49.000"}},{"model":"attribute.assignedproductattribute","pk":238,"fields":{"product":99,"assignment":1,"values":[3]}},{"model":"attribute.assignedvariantattribute","pk":238,"fields":{"variant":99,"assignment":1,"values":[3]}},{"model":"attribute.assignedproductattribute","pk":239,"fields":{"product":99,"assignment":2,"values":[34]}},{"model":"attribute.assignedvariantattribute","pk":239,"fields":{"variant":99,"assignment":2,"values":[34]}},{"model":"attribute.assignedproductattribute","pk":240,"fields":{"product":99,"assignment":3,"values":[19]}},{"model":"attribute.assignedvariantattribute","pk":240,"fields":{"variant":99,"assignment":3,"values":[19]}},{"model":"product.product","pk":100,"fields":{"private_metadata":{},"metadata":{"vatlayer.code":"standard","vatlayer.description":"standard"},"description_plaintext":"Month Ticket","seo_title":"","seo_description":"Month Ticket - AHL - WSV","description":{"blocks":[{"data":{"text":"Month Ticket"},"type":"paragraph"}]},"product_type":7,"name":"Month Ticket - AHL - WSV","slug":"month-ticket-ahl-wsv","category":7,"updated_at":"2020-04-17T14:22:48.130Z","charge_taxes":true,"weight":"0.0:kg"}},{"model":"product.productvariant","pk":100,"fields":{"private_metadata":{},"metadata":{},"sku":"200","name":"Month","product":100,"track_inventory":false,"weight":"1.0:kg","default":true}},{"model":"product.productchannellisting","pk":100,"fields":{"publication_date":"2020-01-01","is_published":true,"product":100,"channel":"EUR","visible_in_listings":true,"available_for_purchase":"2020-08-31","discounted_price_amount":"49.000","currency":"EUR"}},{"model":"product.productvariantchannellisting","pk":100,"fields":{"variant":100,"channel":"EUR","currency":"EUR","price_amount":"49.000","cost_price_amount":"49.000"}},{"model":"attribute.assignedproductattribute","pk":241,"fields":{"product":100,"assignment":1,"values":[3]}},{"model":"attribute.assignedvariantattribute","pk":241,"fields":{"variant":100,"assignment":1,"values":[3]}},{"model":"attribute.assignedproductattribute","pk":242,"fields":{"product":100,"assignment":2,"values":[34]}},{"model":"attribute.assignedvariantattribute","pk":242,"fields":{"variant":100,"assignment":2,"values":[34]}},{"model":"attribute.assignedproductattribute","pk":243,"fields":{"product":100,"assignment":3,"values":[20]}},{"model":"attribute.assignedvariantattribute","pk":243,"fields":{"variant":100,"assignment":3,"values":[20]}},{"model":"product.product","pk":101,"fields":{"private_metadata":{},"metadata":{"vatlayer.code":"standard","vatlayer.description":"standard"},"description_plaintext":"Month Ticket","seo_title":"","seo_description":"Month Ticket - AHL - HKO","description":{"blocks":[{"data":{"text":"Month Ticket"},"type":"paragraph"}]},"product_type":7,"name":"Month Ticket - AHL - HKO","slug":"month-ticket-ahl-hko","category":7,"updated_at":"2020-04-17T14:22:48.130Z","charge_taxes":true,"weight":"0.0:kg"}},{"model":"product.productvariant","pk":101,"fields":{"private_metadata":{},"metadata":{},"sku":"201","name":"Month","product":101,"track_inventory":false,"weight":"1.0:kg","default":true}},{"model":"product.productchannellisting","pk":101,"fields":{"publication_date":"2020-01-01","is_published":true,"product":101,"channel":"EUR","visible_in_listings":true,"available_for_purchase":"2020-08-31","discounted_price_amount":"49.000","currency":"EUR"}},{"model":"product.productvariantchannellisting","pk":101,"fields":{"variant":101,"channel":"EUR","currency":"EUR","price_amount":"49.000","cost_price_amount":"49.000"}},{"model":"attribute.assignedproductattribute","pk":244,"fields":{"product":101,"assignment":1,"values":[3]}},{"model":"attribute.assignedvariantattribute","pk":244,"fields":{"variant":101,"assignment":1,"values":[3]}},{"model":"attribute.assignedproductattribute","pk":245,"fields":{"product":101,"assignment":2,"values":[34]}},{"model":"attribute.assignedvariantattribute","pk":245,"fields":{"variant":101,"assignment":2,"values":[34]}},{"model":"attribute.assignedproductattribute","pk":246,"fields":{"product":101,"assignment":3,"values":[21]}},{"model":"attribute.assignedvariantattribute","pk":246,"fields":{"variant":101,"assignment":3,"values":[21]}},{"model":"product.product","pk":102,"fields":{"private_metadata":{},"metadata":{"vatlayer.code":"standard","vatlayer.description":"standard"},"description_plaintext":"Month Ticket","seo_title":"","seo_description":"Month Ticket - AHL - HCB","description":{"blocks":[{"data":{"text":"Month Ticket"},"type":"paragraph"}]},"product_type":7,"name":"Month Ticket - AHL - HCB","slug":"month-ticket-ahl-hcb","category":7,"updated_at":"2020-04-17T14:22:48.130Z","charge_taxes":true,"weight":"0.0:kg"}},{"model":"product.productvariant","pk":102,"fields":{"private_metadata":{},"metadata":{},"sku":"202","name":"Month","product":102,"track_inventory":false,"weight":"1.0:kg","default":true}},{"model":"product.productchannellisting","pk":102,"fields":{"publication_date":"2020-01-01","is_published":true,"product":102,"channel":"EUR","visible_in_listings":true,"available_for_purchase":"2020-08-31","discounted_price_amount":"49.000","currency":"EUR"}},{"model":"product.productvariantchannellisting","pk":102,"fields":{"variant":102,"channel":"EUR","currency":"EUR","price_amount":"49.000","cost_price_amount":"49.000"}},{"model":"attribute.assignedproductattribute","pk":247,"fields":{"product":102,"assignment":1,"values":[3]}},{"model":"attribute.assignedvariantattribute","pk":247,"fields":{"variant":102,"assignment":1,"values":[3]}},{"model":"attribute.assignedproductattribute","pk":248,"fields":{"product":102,"assignment":2,"values":[34]}},{"model":"attribute.assignedvariantattribute","pk":248,"fields":{"variant":102,"assignment":2,"values":[34]}},{"model":"attribute.assignedproductattribute","pk":249,"fields":{"product":102,"assignment":3,"values":[22]}},{"model":"attribute.assignedvariantattribute","pk":249,"fields":{"variant":102,"assignment":3,"values":[22]}},{"model":"product.product","pk":103,"fields":{"private_metadata":{},"metadata":{"vatlayer.code":"standard","vatlayer.description":"standard"},"description_plaintext":"Month Ticket","seo_title":"","seo_description":"Month Ticket - AHL - VSV","description":{"blocks":[{"data":{"text":"Month Ticket"},"type":"paragraph"}]},"product_type":7,"name":"Month Ticket - AHL - VSV","slug":"month-ticket-ahl-vsv","category":7,"updated_at":"2020-04-17T14:22:48.130Z","charge_taxes":true,"weight":"0.0:kg"}},{"model":"product.productvariant","pk":103,"fields":{"private_metadata":{},"metadata":{},"sku":"203","name":"Month","product":103,"track_inventory":false,"weight":"1.0:kg","default":true}},{"model":"product.productchannellisting","pk":103,"fields":{"publication_date":"2020-01-01","is_published":true,"product":103,"channel":"EUR","visible_in_listings":true,"available_for_purchase":"2020-08-31","discounted_price_amount":"49.000","currency":"EUR"}},{"model":"product.productvariantchannellisting","pk":103,"fields":{"variant":103,"channel":"EUR","currency":"EUR","price_amount":"49.000","cost_price_amount":"49.000"}},{"model":"attribute.assignedproductattribute","pk":250,"fields":{"product":103,"assignment":1,"values":[3]}},{"model":"attribute.assignedvariantattribute","pk":250,"fields":{"variant":103,"assignment":1,"values":[3]}},{"model":"attribute.assignedproductattribute","pk":251,"fields":{"product":103,"assignment":2,"values":[34]}},{"model":"attribute.assignedvariantattribute","pk":251,"fields":{"variant":103,"assignment":2,"values":[34]}},{"model":"attribute.assignedproductattribute","pk":252,"fields":{"product":103,"assignment":3,"values":[23]}},{"model":"attribute.assignedvariantattribute","pk":252,"fields":{"variant":103,"assignment":3,"values":[23]}},{"model":"product.product","pk":104,"fields":{"private_metadata":{},"metadata":{"vatlayer.code":"standard","vatlayer.description":"standard"},"description_plaintext":"Month Ticket","seo_title":"","seo_description":"Month Ticket - AHL - BWI","description":{"blocks":[{"data":{"text":"Month Ticket"},"type":"paragraph"}]},"product_type":7,"name":"Month Ticket - AHL - BWI","slug":"month-ticket-ahl-bwi","category":7,"updated_at":"2020-04-17T14:22:48.130Z","charge_taxes":true,"weight":"0.0:kg"}},{"model":"product.productvariant","pk":104,"fields":{"private_metadata":{},"metadata":{},"sku":"204","name":"Month","product":104,"track_inventory":false,"weight":"1.0:kg","default":true}},{"model":"product.productchannellisting","pk":104,"fields":{"publication_date":"2020-01-01","is_published":true,"product":104,"channel":"EUR","visible_in_listings":true,"available_for_purchase":"2020-08-31","discounted_price_amount":"49.000","currency":"EUR"}},{"model":"product.productvariantchannellisting","pk":104,"fields":{"variant":104,"channel":"EUR","currency":"EUR","price_amount":"49.000","cost_price_amount":"49.000"}},{"model":"attribute.assignedproductattribute","pk":253,"fields":{"product":104,"assignment":1,"values":[3]}},{"model":"attribute.assignedvariantattribute","pk":253,"fields":{"variant":104,"assignment":1,"values":[3]}},{"model":"attribute.assignedproductattribute","pk":254,"fields":{"product":104,"assignment":2,"values":[34]}},{"model":"attribute.assignedvariantattribute","pk":254,"fields":{"variant":104,"assignment":2,"values":[34]}},{"model":"attribute.assignedproductattribute","pk":255,"fields":{"product":104,"assignment":3,"values":[24]}},{"model":"attribute.assignedvariantattribute","pk":255,"fields":{"variant":104,"assignment":3,"values":[24]}},{"model":"product.product","pk":105,"fields":{"private_metadata":{},"metadata":{"vatlayer.code":"standard","vatlayer.description":"standard"},"description_plaintext":"Month Ticket","seo_title":"","seo_description":"Month Ticket - AHL - HCI","description":{"blocks":[{"data":{"text":"Month Ticket"},"type":"paragraph"}]},"product_type":7,"name":"Month Ticket - AHL - HCI","slug":"month-ticket-ahl-hci","category":7,"updated_at":"2020-04-17T14:22:48.130Z","charge_taxes":true,"weight":"0.0:kg"}},{"model":"product.productvariant","pk":105,"fields":{"private_metadata":{},"metadata":{},"sku":"205","name":"Month","product":105,"track_inventory":false,"weight":"1.0:kg","default":true}},{"model":"product.productchannellisting","pk":105,"fields":{"publication_date":"2020-01-01","is_published":true,"product":105,"channel":"EUR","visible_in_listings":true,"available_for_purchase":"2020-08-31","discounted_price_amount":"49.000","currency":"EUR"}},{"model":"product.productvariantchannellisting","pk":105,"fields":{"variant":105,"channel":"EUR","currency":"EUR","price_amount":"49.000","cost_price_amount":"49.000"}},{"model":"attribute.assignedproductattribute","pk":256,"fields":{"product":105,"assignment":1,"values":[3]}},{"model":"attribute.assignedvariantattribute","pk":256,"fields":{"variant":105,"assignment":1,"values":[3]}},{"model":"attribute.assignedproductattribute","pk":257,"fields":{"product":105,"assignment":2,"values":[34]}},{"model":"attribute.assignedvariantattribute","pk":257,"fields":{"variant":105,"assignment":2,"values":[34]}},{"model":"attribute.assignedproductattribute","pk":258,"fields":{"product":105,"assignment":3,"values":[25]}},{"model":"attribute.assignedvariantattribute","pk":258,"fields":{"variant":105,"assignment":3,"values":[25]}},{"model":"product.product","pk":106,"fields":{"private_metadata":{},"metadata":{"vatlayer.code":"standard","vatlayer.description":"standard"},"description_plaintext":"Month Ticket","seo_title":"","seo_description":"Month Ticket - AHL - G99","description":{"blocks":[{"data":{"text":"Month Ticket"},"type":"paragraph"}]},"product_type":7,"name":"Month Ticket - AHL - G99","slug":"month-ticket-ahl-g99","category":7,"updated_at":"2020-04-17T14:22:48.130Z","charge_taxes":true,"weight":"0.0:kg"}},{"model":"product.productvariant","pk":106,"fields":{"private_metadata":{},"metadata":{},"sku":"206","name":"Month","product":106,"track_inventory":false,"weight":"1.0:kg","default":true}},{"model":"product.productchannellisting","pk":106,"fields":{"publication_date":"2020-01-01","is_published":true,"product":106,"channel":"EUR","visible_in_listings":true,"available_for_purchase":"2020-08-31","discounted_price_amount":"49.000","currency":"EUR"}},{"model":"product.productvariantchannellisting","pk":106,"fields":{"variant":106,"channel":"EUR","currency":"EUR","price_amount":"49.000","cost_price_amount":"49.000"}},{"model":"attribute.assignedproductattribute","pk":259,"fields":{"product":106,"assignment":1,"values":[3]}},{"model":"attribute.assignedvariantattribute","pk":259,"fields":{"variant":106,"assignment":1,"values":[3]}},{"model":"attribute.assignedproductattribute","pk":260,"fields":{"product":106,"assignment":2,"values":[34]}},{"model":"attribute.assignedvariantattribute","pk":260,"fields":{"variant":106,"assignment":2,"values":[34]}},{"model":"attribute.assignedproductattribute","pk":261,"fields":{"product":106,"assignment":3,"values":[26]}},{"model":"attribute.assignedvariantattribute","pk":261,"fields":{"variant":106,"assignment":3,"values":[26]}},{"model":"product.product","pk":107,"fields":{"private_metadata":{},"metadata":{"vatlayer.code":"standard","vatlayer.description":"standard"},"description_plaintext":"Month Ticket","seo_title":"","seo_description":"Month Ticket - AHL - VIC","description":{"blocks":[{"data":{"text":"Month Ticket"},"type":"paragraph"}]},"product_type":7,"name":"Month Ticket - AHL - VIC","slug":"month-ticket-ahl-vic","category":7,"updated_at":"2020-04-17T14:22:48.130Z","charge_taxes":true,"weight":"0.0:kg"}},{"model":"product.productvariant","pk":107,"fields":{"private_metadata":{},"metadata":{},"sku":"207","name":"Month","product":107,"track_inventory":false,"weight":"1.0:kg","default":true}},{"model":"product.productchannellisting","pk":107,"fields":{"publication_date":"2020-01-01","is_published":true,"product":107,"channel":"EUR","visible_in_listings":true,"available_for_purchase":"2020-08-31","discounted_price_amount":"49.000","currency":"EUR"}},{"model":"product.productvariantchannellisting","pk":107,"fields":{"variant":107,"channel":"EUR","currency":"EUR","price_amount":"49.000","cost_price_amount":"49.000"}},{"model":"attribute.assignedproductattribute","pk":262,"fields":{"product":107,"assignment":1,"values":[3]}},{"model":"attribute.assignedvariantattribute","pk":262,"fields":{"variant":107,"assignment":1,"values":[3]}},{"model":"attribute.assignedproductattribute","pk":263,"fields":{"product":107,"assignment":2,"values":[34]}},{"model":"attribute.assignedvariantattribute","pk":263,"fields":{"variant":107,"assignment":2,"values":[34]}},{"model":"attribute.assignedproductattribute","pk":264,"fields":{"product":107,"assignment":3,"values":[27]}},{"model":"attribute.assignedvariantattribute","pk":264,"fields":{"variant":107,"assignment":3,"values":[27]}},{"model":"product.product","pk":108,"fields":{"private_metadata":{},"metadata":{"vatlayer.code":"standard","vatlayer.description":"standard"},"description_plaintext":"Month Ticket","seo_title":"","seo_description":"Month Ticket - AHL - RBS","description":{"blocks":[{"data":{"text":"Month Ticket"},"type":"paragraph"}]},"product_type":7,"name":"Month Ticket - AHL - RBS","slug":"month-ticket-ahl-rbs","category":7,"updated_at":"2020-04-17T14:22:48.130Z","charge_taxes":true,"weight":"0.0:kg"}},{"model":"product.productvariant","pk":108,"fields":{"private_metadata":{},"metadata":{},"sku":"208","name":"Month","product":108,"track_inventory":false,"weight":"1.0:kg","default":true}},{"model":"product.productchannellisting","pk":108,"fields":{"publication_date":"2020-01-01","is_published":true,"product":108,"channel":"EUR","visible_in_listings":true,"available_for_purchase":"2020-08-31","discounted_price_amount":"49.000","currency":"EUR"}},{"model":"product.productvariantchannellisting","pk":108,"fields":{"variant":108,"channel":"EUR","currency":"EUR","price_amount":"49.000","cost_price_amount":"49.000"}},{"model":"attribute.assignedproductattribute","pk":265,"fields":{"product":108,"assignment":1,"values":[3]}},{"model":"attribute.assignedvariantattribute","pk":265,"fields":{"variant":108,"assignment":1,"values":[3]}},{"model":"attribute.assignedproductattribute","pk":266,"fields":{"product":108,"assignment":2,"values":[34]}},{"model":"attribute.assignedvariantattribute","pk":266,"fields":{"variant":108,"assignment":2,"values":[34]}},{"model":"attribute.assignedproductattribute","pk":267,"fields":{"product":108,"assignment":3,"values":[28]}},{"model":"attribute.assignedvariantattribute","pk":267,"fields":{"variant":108,"assignment":3,"values":[28]}},{"model":"product.product","pk":109,"fields":{"private_metadata":{},"metadata":{"vatlayer.code":"standard","vatlayer.description":"standard"},"description_plaintext":"Month Ticket","seo_title":"","seo_description":"Month Ticket - AHL - KAC","description":{"blocks":[{"data":{"text":"Month Ticket"},"type":"paragraph"}]},"product_type":7,"name":"Month Ticket - AHL - KAC","slug":"month-ticket-ahl-kac","category":7,"updated_at":"2020-04-17T14:22:48.130Z","charge_taxes":true,"weight":"0.0:kg"}},{"model":"product.productvariant","pk":109,"fields":{"private_metadata":{},"metadata":{},"sku":"209","name":"Month","product":109,"track_inventory":false,"weight":"1.0:kg","default":true}},{"model":"product.productchannellisting","pk":109,"fields":{"publication_date":"2020-01-01","is_published":true,"product":109,"channel":"EUR","visible_in_listings":true,"available_for_purchase":"2020-08-31","discounted_price_amount":"49.000","currency":"EUR"}},{"model":"product.productvariantchannellisting","pk":109,"fields":{"variant":109,"channel":"EUR","currency":"EUR","price_amount":"49.000","cost_price_amount":"49.000"}},{"model":"attribute.assignedproductattribute","pk":268,"fields":{"product":109,"assignment":1,"values":[3]}},{"model":"attribute.assignedvariantattribute","pk":268,"fields":{"variant":109,"assignment":1,"values":[3]}},{"model":"attribute.assignedproductattribute","pk":269,"fields":{"product":109,"assignment":2,"values":[34]}},{"model":"attribute.assignedvariantattribute","pk":269,"fields":{"variant":109,"assignment":2,"values":[34]}},{"model":"attribute.assignedproductattribute","pk":270,"fields":{"product":109,"assignment":3,"values":[29]}},{"model":"attribute.assignedvariantattribute","pk":270,"fields":{"variant":109,"assignment":3,"values":[29]}},{"model":"product.product","pk":110,"fields":{"private_metadata":{},"metadata":{"vatlayer.code":"standard","vatlayer.description":"standard"},"description_plaintext":"Month Ticket","seo_title":"","seo_description":"Month Ticket - AHL - DEC","description":{"blocks":[{"data":{"text":"Month Ticket"},"type":"paragraph"}]},"product_type":7,"name":"Month Ticket - AHL - DEC","slug":"month-ticket-ahl-dec","category":7,"updated_at":"2020-04-17T14:22:48.130Z","charge_taxes":true,"weight":"0.0:kg"}},{"model":"product.productvariant","pk":110,"fields":{"private_metadata":{},"metadata":{},"sku":"210","name":"Month","product":110,"track_inventory":false,"weight":"1.0:kg","default":true}},{"model":"product.productchannellisting","pk":110,"fields":{"publication_date":"2020-01-01","is_published":true,"product":110,"channel":"EUR","visible_in_listings":true,"available_for_purchase":"2020-08-31","discounted_price_amount":"49.000","currency":"EUR"}},{"model":"product.productvariantchannellisting","pk":110,"fields":{"variant":110,"channel":"EUR","currency":"EUR","price_amount":"49.000","cost_price_amount":"49.000"}},{"model":"attribute.assignedproductattribute","pk":271,"fields":{"product":110,"assignment":1,"values":[3]}},{"model":"attribute.assignedvariantattribute","pk":271,"fields":{"variant":110,"assignment":1,"values":[3]}},{"model":"attribute.assignedproductattribute","pk":272,"fields":{"product":110,"assignment":2,"values":[34]}},{"model":"attribute.assignedvariantattribute","pk":272,"fields":{"variant":110,"assignment":2,"values":[34]}},{"model":"attribute.assignedproductattribute","pk":273,"fields":{"product":110,"assignment":3,"values":[30]}},{"model":"attribute.assignedvariantattribute","pk":273,"fields":{"variant":110,"assignment":3,"values":[30]}},{"model":"product.product","pk":111,"fields":{"private_metadata":{},"metadata":{"vatlayer.code":"standard","vatlayer.description":"standard"},"description_plaintext":"Month Ticket","seo_title":"","seo_description":"Month Ticket - AHL - AVS","description":{"blocks":[{"data":{"text":"Month Ticket"},"type":"paragraph"}]},"product_type":7,"name":"Month Ticket - AHL - AVS","slug":"month-ticket-ahl-avs","category":7,"updated_at":"2020-04-17T14:22:48.130Z","charge_taxes":true,"weight":"0.0:kg"}},{"model":"product.productvariant","pk":111,"fields":{"private_metadata":{},"metadata":{},"sku":"211","name":"Month","product":111,"track_inventory":false,"weight":"1.0:kg","default":true}},{"model":"product.productchannellisting","pk":111,"fields":{"publication_date":"2020-01-01","is_published":true,"product":111,"channel":"EUR","visible_in_listings":true,"available_for_purchase":"2020-08-31","discounted_price_amount":"49.000","currency":"EUR"}},{"model":"product.productvariantchannellisting","pk":111,"fields":{"variant":111,"channel":"EUR","currency":"EUR","price_amount":"49.000","cost_price_amount":"49.000"}},{"model":"attribute.assignedproductattribute","pk":274,"fields":{"product":111,"assignment":1,"values":[3]}},{"model":"attribute.assignedvariantattribute","pk":274,"fields":{"variant":111,"assignment":1,"values":[3]}},{"model":"attribute.assignedproductattribute","pk":275,"fields":{"product":111,"assignment":2,"values":[34]}},{"model":"attribute.assignedvariantattribute","pk":275,"fields":{"variant":111,"assignment":2,"values":[34]}},{"model":"attribute.assignedproductattribute","pk":276,"fields":{"product":111,"assignment":3,"values":[31]}},{"model":"attribute.assignedvariantattribute","pk":276,"fields":{"variant":111,"assignment":3,"values":[31]}},{"model":"product.product","pk":112,"fields":{"private_metadata":{},"metadata":{"vatlayer.code":"standard","vatlayer.description":"standard"},"description_plaintext":"Month Ticket","seo_title":"","seo_description":"Month Ticket - AHL - BRC","description":{"blocks":[{"data":{"text":"Month Ticket"},"type":"paragraph"}]},"product_type":7,"name":"Month Ticket - AHL - BRC","slug":"month-ticket-ahl-brc","category":7,"updated_at":"2020-04-17T14:22:48.130Z","charge_taxes":true,"weight":"0.0:kg"}},{"model":"product.productvariant","pk":112,"fields":{"private_metadata":{},"metadata":{},"sku":"212","name":"Month","product":112,"track_inventory":false,"weight":"1.0:kg","default":true}},{"model":"product.productchannellisting","pk":112,"fields":{"publication_date":"2020-01-01","is_published":true,"product":112,"channel":"EUR","visible_in_listings":true,"available_for_purchase":"2020-08-31","discounted_price_amount":"49.000","currency":"EUR"}},{"model":"product.productvariantchannellisting","pk":112,"fields":{"variant":112,"channel":"EUR","currency":"EUR","price_amount":"49.000","cost_price_amount":"49.000"}},{"model":"attribute.assignedproductattribute","pk":277,"fields":{"product":112,"assignment":1,"values":[3]}},{"model":"attribute.assignedvariantattribute","pk":277,"fields":{"variant":112,"assignment":1,"values":[3]}},{"model":"attribute.assignedproductattribute","pk":278,"fields":{"product":112,"assignment":2,"values":[34]}},{"model":"attribute.assignedvariantattribute","pk":278,"fields":{"variant":112,"assignment":2,"values":[34]}},{"model":"attribute.assignedproductattribute","pk":279,"fields":{"product":112,"assignment":3,"values":[32]}},{"model":"attribute.assignedvariantattribute","pk":279,"fields":{"variant":112,"assignment":3,"values":[32]}},{"model":"product.product","pk":113,"fields":{"private_metadata":{},"metadata":{"vatlayer.code":"standard","vatlayer.description":"standard"},"description_plaintext":"Month Ticket","seo_title":"","seo_description":"Month Ticket - AHL","description":{"blocks":[{"data":{"text":"Month Ticket"},"type":"paragraph"}]},"product_type":7,"name":"Month Ticket - AHL","slug":"month-ticket-ahl","category":7,"updated_at":"2020-04-17T14:22:48.130Z","charge_taxes":true,"weight":"0.0:kg"}},{"model":"product.productvariant","pk":113,"fields":{"private_metadata":{},"metadata":{},"sku":"213","name":"Month","product":113,"track_inventory":false,"weight":"1.0:kg","default":true}},{"model":"product.productchannellisting","pk":113,"fields":{"publication_date":"2020-01-01","is_published":true,"product":113,"channel":"EUR","visible_in_listings":true,"available_for_purchase":"2020-08-31","discounted_price_amount":"89.000","currency":"EUR"}},{"model":"product.productvariantchannellisting","pk":113,"fields":{"variant":113,"channel":"EUR","currency":"EUR","price_amount":"89.000","cost_price_amount":"89.000"}},{"model":"attribute.assignedproductattribute","pk":280,"fields":{"product":113,"assignment":1,"values":[3]}},{"model":"attribute.assignedvariantattribute","pk":280,"fields":{"variant":113,"assignment":1,"values":[3]}},{"model":"attribute.assignedproductattribute","pk":281,"fields":{"product":113,"assignment":2,"values":[34]}},{"model":"attribute.assignedvariantattribute","pk":281,"fields":{"variant":113,"assignment":2,"values":[34]}},{"model":"attribute.assignedproductattribute","pk":282,"fields":{"product":113,"assignment":3,"values":[5]}},{"model":"attribute.assignedvariantattribute","pk":282,"fields":{"variant":113,"assignment":3,"values":[5]}}]
